time_stamp,turbine_id,wind_speed_avg,power_avg,rotor_speed_avg,gearbox_bearing_temperature_avg,ambient_temperature_avg,status_code
2024-01-01T00:00:00Z,EXT-SENVION-01,7.04,630.5,9.23,61.6,11.1,0
2024-01-01T00:10:00Z,EXT-SENVION-01,13.52,2043.5,16.0,79.6,11.79,0
2024-01-01T00:20:00Z,EXT-SENVION-01,6.82,630.4,8.54,61.26,12.67,0
2024-01-01T00:30:00Z,EXT-SENVION-01,14.99,2046.9,16.0,84.91,11.11,0
2024-01-01T00:40:00Z,EXT-SENVION-01,2.49,0.0,0.0,52.9,12.43,0
2024-01-01T00:50:00Z,EXT-SENVION-01,1.89,0.0,0.0,50.29,12.05,0
2024-01-01T01:00:00Z,EXT-SENVION-01,1.19,0.0,0.0,49.47,10.9,0
2024-01-01T01:10:00Z,EXT-SENVION-01,3.03,43.6,3.96,55.51,16.03,0
2024-01-01T01:20:00Z,EXT-SENVION-01,8.83,1234.3,11.37,75.54,14.83,0
2024-01-01T01:30:00Z,EXT-SENVION-01,13.7,2074.9,16.0,85.78,13.94,0
2024-01-01T01:40:00Z,EXT-SENVION-01,13.58,2070.5,16.0,82.77,13.1,0
2024-01-01T01:50:00Z,EXT-SENVION-01,2.59,0.0,0.0,51.78,14.17,0
2024-01-01T02:00:00Z,EXT-SENVION-01,10.52,2050.0,13.94,82.67,14.9,0
2024-01-01T02:10:00Z,EXT-SENVION-01,2.69,0.0,0.0,50.75,15.63,0
2024-01-01T02:20:00Z,EXT-SENVION-01,4.94,218.4,6.63,54.94,15.33,0
2024-01-01T02:30:00Z,EXT-SENVION-01,12.33,2048.2,15.98,82.59,16.31,0
2024-01-01T02:40:00Z,EXT-SENVION-01,5.29,299.2,7.29,52.46,15.27,0
2024-01-01T02:50:00Z,EXT-SENVION-01,7.17,650.3,9.48,63.01,16.45,0
2024-01-01T03:00:00Z,EXT-SENVION-01,9.61,1584.3,12.38,76.81,16.67,0
2024-01-01T03:10:00Z,EXT-SENVION-01,2.16,0.0,0.0,55.05,15.9,0
2024-01-01T03:20:00Z,EXT-SENVION-01,9.79,1688.0,12.49,77.62,16.24,0
2024-01-01T03:30:00Z,EXT-SENVION-01,1.95,0.0,0.0,51.77,16.24,0
2024-01-01T03:40:00Z,EXT-SENVION-01,6.49,497.1,8.6,58.89,15.52,0
2024-01-01T03:50:00Z,EXT-SENVION-01,7.07,640.2,9.04,59.66,16.77,0
2024-01-01T04:00:00Z,EXT-SENVION-01,3.62,108.8,4.6,53.57,15.5,0
2024-01-01T04:10:00Z,EXT-SENVION-01,5.2,250.5,6.35,56.09,16.84,0
2024-01-01T04:20:00Z,EXT-SENVION-01,6.84,601.5,8.86,65.26,18.39,0
2024-01-01T04:30:00Z,EXT-SENVION-01,6.24,421.3,8.31,60.56,18.26,0
2024-01-01T04:40:00Z,EXT-SENVION-01,8.45,1111.4,10.79,72.09,17.88,0
2024-01-01T04:50:00Z,EXT-SENVION-01,5.85,349.8,7.62,60.18,16.75,0
2024-01-01T05:00:00Z,EXT-SENVION-01,8.01,910.0,10.4,68.97,18.23,0
2024-01-01T05:10:00Z,EXT-SENVION-01,8.0,915.8,10.38,65.27,16.15,0
2024-01-01T05:20:00Z,EXT-SENVION-01,1.74,0.0,0.0,51.44,17.84,0
2024-01-01T05:30:00Z,EXT-SENVION-01,4.86,223.1,6.36,55.01,15.39,0
2024-01-01T05:40:00Z,EXT-SENVION-01,6.27,461.3,8.09,60.07,18.2,0
2024-01-01T05:50:00Z,EXT-SENVION-01,7.67,795.9,10.04,66.86,17.34,0
2024-01-01T06:00:00Z,EXT-SENVION-01,17.1,2020.9,16.0,83.86,17.37,0
2024-01-01T06:10:00Z,EXT-SENVION-01,7.87,855.8,10.25,68.26,19.5,0
2024-01-01T06:20:00Z,EXT-SENVION-01,4.03,120.4,5.11,57.65,21.83,0
2024-01-01T06:30:00Z,EXT-SENVION-01,7.93,895.2,9.95,64.81,16.04,0
2024-01-01T06:40:00Z,EXT-SENVION-01,7.46,745.9,10.11,67.84,18.2,0
2024-01-01T06:50:00Z,EXT-SENVION-01,3.68,58.0,4.84,52.89,18.57,0
2024-01-01T07:00:00Z,EXT-SENVION-01,10.99,2050.0,14.37,84.16,17.53,0
2024-01-01T07:10:00Z,EXT-SENVION-01,10.79,2050.0,14.23,84.61,17.83,0
2024-01-01T07:20:00Z,EXT-SENVION-01,7.05,645.9,9.2,63.21,17.65,0
2024-01-01T07:30:00Z,EXT-SENVION-01,2.97,0.0,0.0,53.99,17.54,0
2024-01-01T07:40:00Z,EXT-SENVION-01,5.8,343.2,7.49,60.49,18.43,0
2024-01-01T07:50:00Z,EXT-SENVION-01,3.02,32.5,3.69,55.53,18.85,0
2024-01-01T08:00:00Z,EXT-SENVION-01,10.54,2050.0,14.05,82.94,17.56,0
2024-01-01T08:10:00Z,EXT-SENVION-01,5.25,255.1,6.98,55.45,17.83,0
2024-01-01T08:20:00Z,EXT-SENVION-01,9.55,1569.2,12.41,76.05,16.53,0
2024-01-01T08:30:00Z,EXT-SENVION-01,13.91,2074.0,16.0,81.76,17.2,0
2024-01-01T08:40:00Z,EXT-SENVION-01,8.12,948.6,10.82,66.3,17.75,0
2024-01-01T08:50:00Z,EXT-SENVION-01,15.09,2079.5,16.0,85.26,17.81,0
2024-01-01T09:00:00Z,EXT-SENVION-01,4.87,196.8,5.59,56.98,16.94,0
2024-01-01T09:10:00Z,EXT-SENVION-01,3.1,48.3,3.65,52.0,15.67,0
2024-01-01T09:20:00Z,EXT-SENVION-01,3.91,119.3,4.94,57.72,16.95,0
2024-01-01T09:30:00Z,EXT-SENVION-01,3.51,73.7,4.68,51.75,16.31,0
2024-01-01T09:40:00Z,EXT-SENVION-01,5.99,383.1,7.78,58.12,14.76,0
2024-01-01T09:50:00Z,EXT-SENVION-01,7.1,622.3,9.3,64.04,15.77,0
2024-01-01T10:00:00Z,EXT-SENVION-01,8.75,1175.4,11.58,71.3,13.62,0
2024-01-01T10:10:00Z,EXT-SENVION-01,1.28,0.0,0.0,50.86,14.55,0
2024-01-01T10:20:00Z,EXT-SENVION-01,2.57,0.0,0.0,51.79,13.19,0
2024-01-01T10:30:00Z,EXT-SENVION-01,5.98,396.8,7.83,58.42,14.01,0
2024-01-01T10:40:00Z,EXT-SENVION-01,9.65,1628.3,12.25,76.54,13.18,0
2024-01-01T10:50:00Z,EXT-SENVION-01,6.01,416.6,7.95,58.01,13.12,0
2024-01-01T11:00:00Z,EXT-SENVION-01,1.64,0.0,0.0,51.12,13.18,0
2024-01-01T11:10:00Z,EXT-SENVION-01,4.0,128.0,5.12,52.34,11.22,0
2024-01-01T11:20:00Z,EXT-SENVION-01,10.82,2050.0,14.48,81.17,11.42,0
2024-01-01T11:30:00Z,EXT-SENVION-01,9.51,1509.1,12.57,73.25,12.62,0
2024-01-01T11:40:00Z,EXT-SENVION-01,2.57,0.0,0.0,52.55,12.26,0
2024-01-01T11:50:00Z,EXT-SENVION-01,4.03,111.9,5.1,54.09,12.62,0
2024-01-01T12:00:00Z,EXT-SENVION-01,6.32,458.1,7.98,58.51,12.04,0
2024-01-01T12:10:00Z,EXT-SENVION-01,8.59,1138.9,11.36,67.22,10.64,0
2024-01-01T12:20:00Z,EXT-SENVION-01,6.46,474.5,8.53,57.53,11.51,0
2024-01-01T12:30:00Z,EXT-SENVION-01,10.82,2050.0,13.57,78.55,12.19,0
2024-01-01T12:40:00Z,EXT-SENVION-01,7.8,849.8,10.1,63.02,11.72,0
2024-01-01T12:50:00Z,EXT-SENVION-01,8.98,1275.4,11.91,67.86,10.31,0
2024-01-01T13:00:00Z,EXT-SENVION-01,10.86,2050.0,14.22,81.02,11.35,0
2024-01-01T13:10:00Z,EXT-SENVION-01,16.54,2042.4,16.0,79.52,8.81,0
2024-01-01T13:20:00Z,EXT-SENVION-01,0.99,0.0,0.0,49.64,8.32,0
2024-01-01T13:30:00Z,EXT-SENVION-01,9.3,1428.4,12.05,69.72,7.14,0
2024-01-01T13:40:00Z,EXT-SENVION-01,18.4,2049.6,16.0,81.67,9.39,0
2024-01-01T13:50:00Z,EXT-SENVION-01,17.82,2051.7,16.0,80.35,9.94,0
2024-01-01T14:00:00Z,EXT-SENVION-01,4.04,119.9,5.54,51.65,10.06,0
2024-01-01T14:10:00Z,EXT-SENVION-01,2.92,0.0,0.0,51.54,8.14,0
2024-01-01T14:20:00Z,EXT-SENVION-01,8.96,1275.2,11.66,66.51,7.36,0
2024-01-01T14:30:00Z,EXT-SENVION-01,14.34,2040.0,16.0,82.09,9.31,0
2024-01-01T14:40:00Z,EXT-SENVION-01,9.32,1464.8,11.97,72.59,7.78,0
2024-01-01T14:50:00Z,EXT-SENVION-01,10.0,1774.6,13.59,75.89,8.12,0
2024-01-01T15:00:00Z,EXT-SENVION-01,4.61,208.3,5.77,48.33,6.95,0
2024-01-01T15:10:00Z,EXT-SENVION-01,5.76,393.1,7.1,54.0,6.73,0
2024-01-01T15:20:00Z,EXT-SENVION-01,1.26,0.0,0.0,49.74,7.76,0
2024-01-01T15:30:00Z,EXT-SENVION-01,8.79,1232.0,11.9,65.51,6.42,0
2024-01-01T15:40:00Z,EXT-SENVION-01,9.25,1435.6,11.91,68.73,5.02,0
2024-01-01T15:50:00Z,EXT-SENVION-01,2.63,0.0,0.0,47.69,5.86,0
2024-01-01T16:00:00Z,EXT-SENVION-01,12.88,2046.0,16.0,79.49,5.91,0
2024-01-01T16:10:00Z,EXT-SENVION-01,4.98,241.2,6.34,49.46,5.08,0
2024-01-01T16:20:00Z,EXT-SENVION-01,0.89,0.0,0.0,48.56,7.01,0
2024-01-01T16:30:00Z,EXT-SENVION-01,6.74,539.2,8.69,56.67,6.8,0
2024-01-01T16:40:00Z,EXT-SENVION-01,9.55,1563.0,12.63,72.77,6.34,0
2024-01-01T16:50:00Z,EXT-SENVION-01,21.02,2027.3,16.0,79.24,6.53,0
2024-01-01T17:00:00Z,EXT-SENVION-01,9.07,1351.6,11.48,67.0,7.15,0
2024-01-01T17:10:00Z,EXT-SENVION-01,7.68,778.8,9.94,59.96,4.99,0
2024-01-01T17:20:00Z,EXT-SENVION-01,6.23,424.6,8.24,53.5,5.59,0
2024-01-01T17:30:00Z,EXT-SENVION-01,5.48,306.6,7.24,51.87,6.3,0
2024-01-01T17:40:00Z,EXT-SENVION-01,8.08,964.2,10.61,65.16,6.88,0
2024-01-01T17:50:00Z,EXT-SENVION-01,11.27,2050.0,14.57,79.24,5.31,0
2024-01-01T18:00:00Z,EXT-SENVION-01,5.75,328.5,7.55,51.71,6.47,0
2024-01-01T18:10:00Z,EXT-SENVION-01,17.76,2066.6,16.0,79.16,5.88,0
2024-01-01T18:20:00Z,EXT-SENVION-01,6.38,497.9,8.32,56.08,7.13,0
2024-01-01T18:30:00Z,EXT-SENVION-01,5.55,301.8,7.38,52.93,6.66,0
2024-01-01T18:40:00Z,EXT-SENVION-01,3.44,44.6,4.54,48.98,6.06,0
2024-01-01T18:50:00Z,EXT-SENVION-01,2.5,0.0,0.0,50.95,6.82,0
2024-01-01T19:00:00Z,EXT-SENVION-01,2.16,0.0,0.0,48.5,5.67,0
2024-01-01T19:10:00Z,EXT-SENVION-01,2.96,0.0,0.0,47.96,6.88,0
2024-01-01T19:20:00Z,EXT-SENVION-01,13.51,2025.1,16.0,79.3,6.2,0
2024-01-01T19:30:00Z,EXT-SENVION-01,11.45,2050.0,15.03,80.19,6.59,0
2024-01-01T19:40:00Z,EXT-SENVION-01,2.01,0.0,0.0,48.67,6.82,0
2024-01-01T19:50:00Z,EXT-SENVION-01,11.47,2050.0,15.04,78.85,6.71,0
2024-01-01T20:00:00Z,EXT-SENVION-01,10.37,1980.6,13.29,79.57,7.63,0
2024-01-01T20:10:00Z,EXT-SENVION-01,4.54,143.8,5.78,51.6,5.88,0
2024-01-01T20:20:00Z,EXT-SENVION-01,3.11,73.4,4.08,50.02,8.4,0
2024-01-01T20:30:00Z,EXT-SENVION-01,11.13,2050.0,14.75,82.84,7.74,0
2024-01-01T20:40:00Z,EXT-SENVION-01,4.68,200.9,5.94,52.58,7.82,0
2024-01-01T20:50:00Z,EXT-SENVION-01,1.74,0.0,0.0,51.08,7.52,0
2024-01-01T21:00:00Z,EXT-SENVION-01,2.05,0.0,0.0,47.56,7.76,0
2024-01-01T21:10:00Z,EXT-SENVION-01,1.48,0.0,0.0,49.15,8.04,0
2024-01-01T21:20:00Z,EXT-SENVION-01,6.76,554.1,8.96,58.52,6.2,0
2024-01-01T21:30:00Z,EXT-SENVION-01,3.65,76.9,4.49,49.64,7.49,0
2024-01-01T21:40:00Z,EXT-SENVION-01,12.69,2034.3,16.0,81.43,10.1,0
2024-01-01T21:50:00Z,EXT-SENVION-01,3.74,93.5,4.76,50.49,9.6,0
2024-01-01T22:00:00Z,EXT-SENVION-01,5.5,345.4,7.22,55.94,11.05,0
2024-01-01T22:10:00Z,EXT-SENVION-01,5.73,338.9,7.35,53.71,10.91,0
2024-01-01T22:20:00Z,EXT-SENVION-01,9.57,1556.8,12.32,72.33,9.94,0
2024-01-01T22:30:00Z,EXT-SENVION-01,4.45,201.4,5.64,52.66,9.55,0
2024-01-01T22:40:00Z,EXT-SENVION-01,5.33,271.4,6.99,57.82,11.32,0
2024-01-01T22:50:00Z,EXT-SENVION-01,7.11,629.1,9.31,60.68,9.1,0
2024-01-01T23:00:00Z,EXT-SENVION-01,10.68,2050.0,13.75,79.75,10.89,0
2024-01-01T23:10:00Z,EXT-SENVION-01,3.65,85.0,4.44,51.91,10.37,0
2024-01-01T23:20:00Z,EXT-SENVION-01,11.53,2050.0,15.17,82.38,11.61,0
2024-01-01T23:30:00Z,EXT-SENVION-01,4.95,244.2,6.55,56.67,12.58,0
2024-01-01T23:40:00Z,EXT-SENVION-01,15.44,2050.5,16.0,82.87,10.56,0
2024-01-01T23:50:00Z,EXT-SENVION-01,10.17,1917.2,13.29,81.66,12.18,0
2024-01-02T00:00:00Z,EXT-SENVION-01,3.01,60.4,3.75,50.76,12.02,0
2024-01-02T00:10:00Z,EXT-SENVION-01,9.85,1721.4,12.92,76.25,13.12,0
2024-01-02T00:20:00Z,EXT-SENVION-01,9.28,1444.2,11.8,72.57,11.73,0
2024-01-02T00:30:00Z,EXT-SENVION-01,6.62,572.1,8.36,59.77,11.97,0
2024-01-02T00:40:00Z,EXT-SENVION-01,0.6,0.0,0.0,51.99,12.7,0
2024-01-02T00:50:00Z,EXT-SENVION-01,15.49,2040.6,16.0,81.22,12.14,0
2024-01-02T01:00:00Z,EXT-SENVION-01,8.4,1067.6,10.56,68.27,14.43,0
2024-01-02T01:10:00Z,EXT-SENVION-01,12.21,2030.6,15.38,81.44,11.92,0
2024-01-02T01:20:00Z,EXT-SENVION-01,1.71,0.0,0.0,50.94,13.08,0
2024-01-02T01:30:00Z,EXT-SENVION-01,4.63,180.1,5.76,52.5,13.27,0
2024-01-02T01:40:00Z,EXT-SENVION-01,10.36,1985.7,13.27,81.78,13.7,0
2024-01-02T01:50:00Z,EXT-SENVION-01,8.01,910.6,10.72,66.44,16.5,0
2024-01-02T02:00:00Z,EXT-SENVION-01,4.58,189.6,5.65,55.97,15.58,0
2024-01-02T02:10:00Z,EXT-SENVION-01,7.35,727.9,9.71,63.79,14.62,0
2024-01-02T02:20:00Z,EXT-SENVION-01,2.01,0.0,0.0,52.36,14.02,0
2024-01-02T02:30:00Z,EXT-SENVION-01,12.15,2076.3,15.43,84.02,15.31,0
2024-01-02T02:40:00Z,EXT-SENVION-01,4.62,184.4,5.99,54.11,15.19,0
2024-01-02T02:50:00Z,EXT-SENVION-01,2.8,0.0,0.0,54.72,17.25,0
2024-01-02T03:00:00Z,EXT-SENVION-01,8.99,1283.6,11.8,75.71,17.1,0
2024-01-02T03:10:00Z,EXT-SENVION-01,10.48,2050.0,14.03,81.53,17.43,0
2024-01-02T03:20:00Z,EXT-SENVION-01,8.88,1264.3,11.67,72.35,16.21,0
2024-01-02T03:30:00Z,EXT-SENVION-01,2.18,0.0,0.0,54.32,17.01,0
2024-01-02T03:40:00Z,EXT-SENVION-01,2.5,0.0,0.0,53.71,17.15,0
2024-01-02T03:50:00Z,EXT-SENVION-01,10.66,2050.0,14.03,83.55,17.43,0
2024-01-02T04:00:00Z,EXT-SENVION-01,8.32,1049.0,10.91,64.6,16.67,0
2024-01-02T04:10:00Z,EXT-SENVION-01,6.6,512.9,8.41,61.29,17.92,0
2024-01-02T04:20:00Z,EXT-SENVION-01,6.37,454.1,8.14,62.29,18.3,0
2024-01-02T04:30:00Z,EXT-SENVION-01,7.47,748.4,10.04,62.79,17.81,0
2024-01-02T04:40:00Z,EXT-SENVION-01,5.17,261.5,6.86,57.38,18.55,0
2024-01-02T04:50:00Z,EXT-SENVION-01,10.16,1905.3,12.89,83.13,18.18,0
2024-01-02T05:00:00Z,EXT-SENVION-01,7.81,838.3,9.95,66.62,18.35,0
2024-01-02T05:10:00Z,EXT-SENVION-01,5.54,286.7,7.32,61.84,18.66,0
2024-01-02T05:20:00Z,EXT-SENVION-01,3.58,95.9,4.54,58.9,18.56,0
2024-01-02T05:30:00Z,EXT-SENVION-01,10.46,2028.1,13.65,83.38,17.97,0
2024-01-02T05:40:00Z,EXT-SENVION-01,7.48,703.5,9.71,63.31,17.99,0
2024-01-02T05:50:00Z,EXT-SENVION-01,5.14,247.3,6.47,55.17,18.01,0
2024-01-02T06:00:00Z,EXT-SENVION-01,5.88,347.8,7.74,60.36,17.71,0
2024-01-02T06:10:00Z,EXT-SENVION-01,6.4,492.3,8.39,63.37,19.5,0
2024-01-02T06:20:00Z,EXT-SENVION-01,7.61,792.3,10.06,64.53,16.38,0
2024-01-02T06:30:00Z,EXT-SENVION-01,11.05,2050.0,14.18,84.59,17.14,0
2024-01-02T06:40:00Z,EXT-SENVION-01,5.56,250.1,7.22,55.26,17.04,0
2024-01-02T06:50:00Z,EXT-SENVION-01,4.77,197.0,6.23,59.25,19.11,0
2024-01-02T07:00:00Z,EXT-SENVION-01,7.0,636.7,8.85,62.46,17.99,0
2024-01-02T07:10:00Z,EXT-SENVION-01,7.58,792.9,9.75,67.71,18.55,0
2024-01-02T07:20:00Z,EXT-SENVION-01,3.53,61.9,4.37,55.32,18.23,0
2024-01-02T07:30:00Z,EXT-SENVION-01,2.37,0.0,0.0,53.43,17.53,0
2024-01-02T07:40:00Z,EXT-SENVION-01,5.28,252.1,6.64,58.68,17.69,0
2024-01-02T07:50:00Z,EXT-SENVION-01,5.29,284.1,6.78,59.5,15.57,0
2024-01-02T08:00:00Z,EXT-SENVION-01,12.05,2058.2,15.37,83.51,17.68,0
2024-01-02T08:10:00Z,EXT-SENVION-01,3.05,56.6,4.09,54.91,17.8,0
2024-01-02T08:20:00Z,EXT-SENVION-01,4.22,167.0,5.53,57.15,17.59,0
2024-01-02T08:30:00Z,EXT-SENVION-01,11.7,2050.0,15.31,85.0,16.48,0
2024-01-02T08:40:00Z,EXT-SENVION-01,16.8,2051.5,16.0,83.78,16.08,0
2024-01-02T08:50:00Z,EXT-SENVION-01,6.37,469.9,8.19,58.03,15.11,0
2024-01-02T09:00:00Z,EXT-SENVION-01,3.28,43.8,4.21,54.1,15.02,0
2024-01-02T09:10:00Z,EXT-SENVION-01,8.6,1127.9,11.2,74.06,14.64,0
2024-01-02T09:20:00Z,EXT-SENVION-01,10.59,2050.0,14.19,83.24,16.68,0
2024-01-02T09:30:00Z,EXT-SENVION-01,5.96,365.5,7.62,58.83,15.42,0
2024-01-02T09:40:00Z,EXT-SENVION-01,12.63,2006.4,16.0,83.63,16.86,0
2024-01-02T09:50:00Z,EXT-SENVION-01,10.31,1959.7,13.19,80.84,16.62,0
2024-01-02T10:00:00Z,EXT-SENVION-01,4.11,94.3,5.51,54.86,14.95,0
2024-01-02T10:10:00Z,EXT-SENVION-01,6.61,497.1,8.56,60.67,13.71,0
2024-01-02T10:20:00Z,EXT-SENVION-01,9.21,1391.0,11.76,73.09,13.92,0
2024-01-02T10:30:00Z,EXT-SENVION-01,1.75,0.0,0.0,53.34,13.59,0
2024-01-02T10:40:00Z,EXT-SENVION-01,10.98,2050.0,14.6,81.29,12.8,0
2024-01-02T10:50:00Z,EXT-SENVION-01,8.05,920.3,10.64,67.7,13.5,0
2024-01-02T11:00:00Z,EXT-SENVION-01,3.79,103.4,5.01,51.34,12.94,0
2024-01-02T11:10:00Z,EXT-SENVION-01,9.24,1428.9,11.99,73.68,12.57,0
2024-01-02T11:20:00Z,EXT-SENVION-01,5.83,377.0,7.42,56.17,10.49,0
2024-01-02T11:30:00Z,EXT-SENVION-01,9.01,1304.1,12.04,71.91,12.82,0
2024-01-02T11:40:00Z,EXT-SENVION-01,19.57,2036.8,16.0,79.79,11.28,0
2024-01-02T11:50:00Z,EXT-SENVION-01,10.76,2050.0,13.89,81.39,13.19,0
2024-01-02T12:00:00Z,EXT-SENVION-01,9.2,1394.7,12.13,72.28,12.46,0
2024-01-02T12:10:00Z,EXT-SENVION-01,7.18,673.9,9.12,59.53,9.85,0
2024-01-02T12:20:00Z,EXT-SENVION-01,7.14,622.2,9.22,63.01,10.67,0
2024-01-02T12:30:00Z,EXT-SENVION-01,14.24,2075.0,16.0,82.08,11.2,0
2024-01-02T12:40:00Z,EXT-SENVION-01,14.61,2067.4,16.0,82.19,10.99,0
2024-01-02T12:50:00Z,EXT-SENVION-01,7.97,941.2,10.37,65.36,9.17,0
2024-01-02T13:00:00Z,EXT-SENVION-01,4.01,88.6,5.1,50.29,9.55,0
2024-01-02T13:10:00Z,EXT-SENVION-01,4.41,155.8,6.04,54.12,9.38,0
2024-01-02T13:20:00Z,EXT-SENVION-01,3.66,103.3,4.55,53.38,11.18,0
2024-01-02T13:30:00Z,EXT-SENVION-01,8.44,1063.1,10.74,66.03,9.87,0
2024-01-02T13:40:00Z,EXT-SENVION-01,4.59,149.2,5.64,49.55,8.71,0
2024-01-02T13:50:00Z,EXT-SENVION-01,3.65,109.1,4.39,52.27,11.19,0
2024-01-02T14:00:00Z,EXT-SENVION-01,1.97,0.0,0.0,47.41,7.94,0
2024-01-02T14:10:00Z,EXT-SENVION-01,12.46,2031.1,16.0,80.61,9.55,0
2024-01-02T14:20:00Z,EXT-SENVION-01,12.82,2069.4,16.0,80.23,6.56,0
2024-01-02T14:30:00Z,EXT-SENVION-01,6.5,460.3,8.31,56.88,9.41,0
2024-01-02T14:40:00Z,EXT-SENVION-01,7.54,766.1,10.03,60.16,8.92,0
2024-01-02T14:50:00Z,EXT-SENVION-01,12.83,2032.6,16.0,77.54,7.33,0
2024-01-02T15:00:00Z,EXT-SENVION-01,7.09,634.7,9.29,59.48,8.81,0
2024-01-02T15:10:00Z,EXT-SENVION-01,8.46,1098.1,10.89,64.19,5.53,0
2024-01-02T15:20:00Z,EXT-SENVION-01,6.02,391.1,7.67,54.2,7.1,0
2024-01-02T15:30:00Z,EXT-SENVION-01,9.19,1400.4,12.19,68.51,6.76,0
2024-01-02T15:40:00Z,EXT-SENVION-01,7.11,647.1,9.0,58.46,7.04,0
2024-01-02T15:50:00Z,EXT-SENVION-01,8.8,1210.6,11.38,67.84,4.25,0
2024-01-02T16:00:00Z,EXT-SENVION-01,8.2,993.9,10.8,62.88,7.27,0
2024-01-02T16:10:00Z,EXT-SENVION-01,11.63,2050.0,15.18,77.81,6.55,0
2024-01-02T16:20:00Z,EXT-SENVION-01,9.9,1721.1,12.65,71.77,5.79,0
2024-01-02T16:30:00Z,EXT-SENVION-01,7.56,752.2,10.12,60.71,7.62,0
2024-01-02T16:40:00Z,EXT-SENVION-01,7.56,803.2,9.85,60.87,6.16,0
2024-01-02T16:50:00Z,EXT-SENVION-01,3.17,37.7,3.88,49.55,7.33,0
2024-01-02T17:00:00Z,EXT-SENVION-01,3.61,105.8,4.37,51.87,7.66,0
2024-01-02T17:10:00Z,EXT-SENVION-01,6.31,407.7,8.55,54.65,5.2,0
2024-01-02T17:20:00Z,EXT-SENVION-01,6.09,388.4,7.95,54.65,6.78,0
2024-01-02T17:30:00Z,EXT-SENVION-01,9.67,1632.9,12.55,71.19,5.65,0
2024-01-02T17:40:00Z,EXT-SENVION-01,11.38,2050.0,14.53,75.64,5.11,0
2024-01-02T17:50:00Z,EXT-SENVION-01,9.9,1768.0,12.68,74.2,5.92,0
2024-01-02T18:00:00Z,EXT-SENVION-01,11.16,2050.0,14.65,79.7,6.11,0
2024-01-02T18:10:00Z,EXT-SENVION-01,5.27,252.1,6.71,52.52,5.32,0
2024-01-02T18:20:00Z,EXT-SENVION-01,7.36,714.5,9.45,56.75,4.54,0
2024-01-02T18:30:00Z,EXT-SENVION-01,9.05,1313.1,11.7,67.42,7.35,0
2024-01-02T18:40:00Z,EXT-SENVION-01,4.62,185.1,6.09,54.3,6.34,0
2024-01-02T18:50:00Z,EXT-SENVION-01,13.01,2051.6,16.0,75.73,3.52,0
2024-01-02T19:00:00Z,EXT-SENVION-01,6.85,600.4,9.16,59.64,6.39,0
2024-01-02T19:10:00Z,EXT-SENVION-01,2.75,0.0,0.0,49.35,5.33,0
2024-01-02T19:20:00Z,EXT-SENVION-01,3.59,49.3,4.29,49.72,4.69,0
2024-01-02T19:30:00Z,EXT-SENVION-01,6.04,393.7,8.08,54.68,8.3,0
2024-01-02T19:40:00Z,EXT-SENVION-01,6.02,431.9,7.89,54.82,5.67,0
2024-01-02T19:50:00Z,EXT-SENVION-01,7.35,710.4,9.89,58.13,7.1,0
2024-01-02T20:00:00Z,EXT-SENVION-01,6.34,463.5,8.08,57.25,7.52,0
2024-01-02T20:10:00Z,EXT-SENVION-01,4.22,120.3,5.58,49.72,6.66,0
2024-01-02T20:20:00Z,EXT-SENVION-01,6.29,426.6,7.94,55.12,7.67,0
2024-01-02T20:30:00Z,EXT-SENVION-01,2.72,0.0,0.0,47.92,7.44,0
2024-01-02T20:40:00Z,EXT-SENVION-01,4.77,198.5,5.96,53.68,6.54,0
2024-01-02T20:50:00Z,EXT-SENVION-01,10.24,1937.2,13.43,75.76,6.96,0
2024-01-02T21:00:00Z,EXT-SENVION-01,13.13,2049.3,16.0,79.89,7.94,0
2024-01-02T21:10:00Z,EXT-SENVION-01,14.31,2039.4,16.0,79.71,9.17,0
2024-01-02T21:20:00Z,EXT-SENVION-01,2.6,0.0,0.0,50.59,8.41,0
2024-01-02T21:30:00Z,EXT-SENVION-01,11.03,2050.0,14.21,78.98,7.18,0
2024-01-02T21:40:00Z,EXT-SENVION-01,2.59,0.0,0.0,49.91,7.55,0
2024-01-02T21:50:00Z,EXT-SENVION-01,4.69,210.0,6.07,57.68,12.01,0
2024-01-02T22:00:00Z,EXT-SENVION-01,4.81,210.7,6.22,54.32,10.97,0
2024-01-02T22:10:00Z,EXT-SENVION-01,1.99,0.0,0.0,49.25,10.21,0
2024-01-02T22:20:00Z,EXT-SENVION-01,1.08,0.0,0.0,47.96,8.6,0
2024-01-02T22:30:00Z,EXT-SENVION-01,7.51,753.1,9.77,61.22,10.1,0
2024-01-02T22:40:00Z,EXT-SENVION-01,7.54,756.4,9.72,58.31,9.47,0
2024-01-02T22:50:00Z,EXT-SENVION-01,11.32,2050.0,14.98,79.1,8.97,0
2024-01-02T23:00:00Z,EXT-SENVION-01,4.43,158.4,6.12,51.95,10.49,0
2024-01-02T23:10:00Z,EXT-SENVION-01,11.28,2050.0,14.68,79.43,9.89,0
2024-01-02T23:20:00Z,EXT-SENVION-01,12.41,2021.1,16.0,78.86,12.21,0
2024-01-02T23:30:00Z,EXT-SENVION-01,5.82,341.0,7.47,54.77,11.88,0
2024-01-02T23:40:00Z,EXT-SENVION-01,7.81,851.3,10.37,63.81,13.36,0
2024-01-02T23:50:00Z,EXT-SENVION-01,5.67,319.6,7.32,56.15,12.31,0
2024-01-03T00:00:00Z,EXT-SENVION-01,5.66,320.0,7.28,56.6,12.91,0
2024-01-03T00:10:00Z,EXT-SENVION-01,8.43,1080.3,11.17,68.31,10.53,0
2024-01-03T00:20:00Z,EXT-SENVION-01,9.93,1776.3,12.61,78.45,13.24,0
2024-01-03T00:30:00Z,EXT-SENVION-01,9.58,1549.3,12.54,75.52,12.24,0
2024-01-03T00:40:00Z,EXT-SENVION-01,0.7,0.0,0.0,52.73,11.99,0
2024-01-03T00:50:00Z,EXT-SENVION-01,3.72,106.3,4.24,55.47,14.54,0
2024-01-03T01:00:00Z,EXT-SENVION-01,4.56,194.5,5.92,57.25,13.57,0
2024-01-03T01:10:00Z,EXT-SENVION-01,6.76,551.3,8.74,56.12,14.19,0
2024-01-03T01:20:00Z,EXT-SENVION-01,5.16,226.1,6.52,54.69,14.36,0
2024-01-03T01:30:00Z,EXT-SENVION-01,5.0,257.3,6.58,56.15,15.29,0
2024-01-03T01:40:00Z,EXT-SENVION-01,6.81,572.3,9.15,61.03,14.18,0
2024-01-03T01:50:00Z,EXT-SENVION-01,10.0,1788.3,12.84,78.56,15.68,0
2024-01-03T02:00:00Z,EXT-SENVION-01,1.07,0.0,0.0,51.57,14.21,0
2024-01-03T02:10:00Z,EXT-SENVION-01,11.44,2050.0,14.96,82.9,18.39,0
2024-01-03T02:20:00Z,EXT-SENVION-01,5.27,278.1,7.1,57.09,16.89,0
2024-01-03T02:30:00Z,EXT-SENVION-01,4.83,182.0,6.31,55.47,15.21,0
2024-01-03T02:40:00Z,EXT-SENVION-01,6.92,593.9,9.21,61.28,16.74,0
2024-01-03T02:50:00Z,EXT-SENVION-01,16.57,2055.6,16.0,82.19,17.82,0
2024-01-03T03:00:00Z,EXT-SENVION-01,4.31,151.8,5.55,55.44,17.36,0
2024-01-03T03:10:00Z,EXT-SENVION-01,2.81,0.0,0.0,55.05,14.59,0
2024-01-03T03:20:00Z,EXT-SENVION-01,12.99,2033.4,16.0,84.24,17.5,0
2024-01-03T03:30:00Z,EXT-SENVION-01,5.77,378.9,7.42,60.2,18.43,0
2024-01-03T03:40:00Z,EXT-SENVION-01,4.48,188.8,5.89,56.84,17.14,0
2024-01-03T03:50:00Z,EXT-SENVION-01,1.96,0.0,0.0,52.68,17.33,0
2024-01-03T04:00:00Z,EXT-SENVION-01,2.44,0.0,0.0,53.28,17.27,0
2024-01-03T04:10:00Z,EXT-SENVION-01,3.32,51.5,4.33,55.67,17.82,0
2024-01-03T04:20:00Z,EXT-SENVION-01,7.4,718.7,9.72,63.66,17.36,0
2024-01-03T04:30:00Z,EXT-SENVION-01,3.06,49.8,3.92,53.29,17.3,0
2024-01-03T04:40:00Z,EXT-SENVION-01,6.65,500.5,8.68,59.9,17.46,0
2024-01-03T04:50:00Z,EXT-SENVION-01,9.5,1549.7,12.4,76.06,16.29,0
2024-01-03T05:00:00Z,EXT-SENVION-01,8.23,986.2,10.81,69.97,18.62,0
2024-01-03T05:10:00Z,EXT-SENVION-01,5.25,262.1,6.88,58.38,19.31,0
2024-01-03T05:20:00Z,EXT-SENVION-01,6.91,623.8,9.17,64.99,19.95,0
2024-01-03T05:30:00Z,EXT-SENVION-01,6.97,627.4,9.0,64.57,19.54,0
2024-01-03T05:40:00Z,EXT-SENVION-01,8.44,1070.4,10.75,69.62,18.95,0
2024-01-03T05:50:00Z,EXT-SENVION-01,12.91,2051.8,16.0,84.45,18.88,0
2024-01-03T06:00:00Z,EXT-SENVION-01,7.55,777.5,9.6,67.26,18.79,0
2024-01-03T06:10:00Z,EXT-SENVION-01,11.38,2050.0,14.84,86.07,18.21,0
2024-01-03T06:20:00Z,EXT-SENVION-01,4.79,222.1,6.17,56.69,18.43,0
2024-01-03T06:30:00Z,EXT-SENVION-01,8.03,885.1,10.35,65.19,17.09,0
2024-01-03T06:40:00Z,EXT-SENVION-01,10.49,2050.0,13.7,84.79,17.43,0
2024-01-03T06:50:00Z,EXT-SENVION-01,5.48,303.2,7.0,58.79,16.73,0
2024-01-03T07:00:00Z,EXT-SENVION-01,11.32,2050.0,14.52,85.23,18.16,0
2024-01-03T07:10:00Z,EXT-SENVION-01,7.67,792.4,9.57,64.59,18.62,0
2024-01-03T07:20:00Z,EXT-SENVION-01,9.39,1493.8,12.33,78.04,18.27,0
2024-01-03T07:30:00Z,EXT-SENVION-01,5.75,331.3,7.37,61.57,19.26,0
2024-01-03T07:40:00Z,EXT-SENVION-01,6.18,420.9,8.12,58.35,19.17,0
2024-01-03T07:50:00Z,EXT-SENVION-01,7.4,707.7,9.65,62.26,16.97,0
2024-01-03T08:00:00Z,EXT-SENVION-01,7.97,903.0,10.28,65.68,15.96,0
2024-01-03T08:10:00Z,EXT-SENVION-01,5.39,319.8,7.06,58.48,17.45,0
2024-01-03T08:20:00Z,EXT-SENVION-01,7.91,900.8,10.38,68.99,17.15,0
2024-01-03T08:30:00Z,EXT-SENVION-01,9.76,1658.6,12.66,77.7,16.81,0
2024-01-03T08:40:00Z,EXT-SENVION-01,3.06,57.5,4.11,52.68,17.11,0
2024-01-03T08:50:00Z,EXT-SENVION-01,6.92,605.5,8.87,63.68,18.04,0
2024-01-03T09:00:00Z,EXT-SENVION-01,7.78,830.3,10.04,65.13,17.4,0
2024-01-03T09:10:00Z,EXT-SENVION-01,8.74,1233.1,11.14,70.72,16.53,0
2024-01-03T09:20:00Z,EXT-SENVION-01,5.72,336.3,7.33,57.71,16.39,0
2024-01-03T09:30:00Z,EXT-SENVION-01,3.44,79.2,4.55,56.77,17.54,0
2024-01-03T09:40:00Z,EXT-SENVION-01,8.08,959.2,10.56,65.53,15.1,0
2024-01-03T09:50:00Z,EXT-SENVION-01,2.47,0.0,0.0,51.36,13.4,0
2024-01-03T10:00:00Z,EXT-SENVION-01,4.37,149.4,5.62,57.47,15.06,0
2024-01-03T10:10:00Z,EXT-SENVION-01,13.78,2041.1,16.0,84.52,14.77,0
2024-01-03T10:20:00Z,EXT-SENVION-01,2.85,0.0,0.0,53.69,16.24,0
2024-01-03T10:30:00Z,EXT-SENVION-01,13.14,2040.4,16.0,82.54,13.62,0
2024-01-03T10:40:00Z,EXT-SENVION-01,13.87,2043.8,16.0,84.83,13.8,0
2024-01-03T10:50:00Z,EXT-SENVION-01,5.24,249.8,7.08,55.58,13.0,0
2024-01-03T11:00:00Z,EXT-SENVION-01,7.28,674.8,9.66,60.89,12.74,0
2024-01-03T11:10:00Z,EXT-SENVION-01,8.46,1077.2,10.95,67.1,13.32,0
2024-01-03T11:20:00Z,EXT-SENVION-01,4.34,167.8,5.72,52.91,14.69,0
2024-01-03T11:30:00Z,EXT-SENVION-01,8.92,1266.2,11.71,70.41,12.65,0
2024-01-03T11:40:00Z,EXT-SENVION-01,7.05,626.7,8.98,63.01,14.65,0
2024-01-03T11:50:00Z,EXT-SENVION-01,8.66,1165.3,11.41,67.94,12.82,0
2024-01-03T12:00:00Z,EXT-SENVION-01,3.62,119.1,4.6,54.96,13.85,0
2024-01-03T12:10:00Z,EXT-SENVION-01,4.52,140.2,5.93,53.4,9.99,0
2024-01-03T12:20:00Z,EXT-SENVION-01,14.98,2061.0,16.0,79.74,10.59,0
2024-01-03T12:30:00Z,EXT-SENVION-01,4.96,211.4,6.34,52.13,11.23,0
2024-01-03T12:40:00Z,EXT-SENVION-01,10.84,2050.0,14.24,81.78,11.53,0
2024-01-03T12:50:00Z,EXT-SENVION-01,14.16,2055.1,16.0,82.2,9.46,0
2024-01-03T13:00:00Z,EXT-SENVION-01,10.1,1827.2,13.15,78.82,11.91,0
2024-01-03T13:10:00Z,EXT-SENVION-01,7.26,728.0,9.34,59.23,10.19,0
2024-01-03T13:20:00Z,EXT-SENVION-01,1.55,0.0,0.0,48.24,9.6,0
2024-01-03T13:30:00Z,EXT-SENVION-01,10.36,1968.2,13.84,79.16,8.76,0
2024-01-03T13:40:00Z,EXT-SENVION-01,11.78,2050.0,15.37,81.36,10.54,0
2024-01-03T13:50:00Z,EXT-SENVION-01,5.32,297.4,6.86,53.18,9.75,0
2024-01-03T14:00:00Z,EXT-SENVION-01,17.04,2047.1,16.0,78.53,9.64,0
2024-01-03T14:10:00Z,EXT-SENVION-01,12.04,2038.2,15.84,79.35,9.13,0
2024-01-03T14:20:00Z,EXT-SENVION-01,16.41,2079.6,16.0,76.83,7.7,0
2024-01-03T14:30:00Z,EXT-SENVION-01,10.72,2050.0,13.27,80.93,7.99,0
2024-01-03T14:40:00Z,EXT-SENVION-01,12.02,2044.6,15.78,78.2,8.07,0
2024-01-03T14:50:00Z,EXT-SENVION-01,6.7,561.0,9.0,57.09,6.99,0
2024-01-03T15:00:00Z,EXT-SENVION-01,6.49,495.4,8.43,55.58,6.61,0
2024-01-03T15:10:00Z,EXT-SENVION-01,15.07,2056.2,16.0,80.98,6.47,0
2024-01-03T15:20:00Z,EXT-SENVION-01,5.46,296.1,7.17,53.26,7.08,0
2024-01-03T15:30:00Z,EXT-SENVION-01,5.24,248.0,6.88,52.56,5.8,0
2024-01-03T15:40:00Z,EXT-SENVION-01,9.63,1638.8,12.45,75.34,8.82,0
2024-01-03T15:50:00Z,EXT-SENVION-01,5.42,285.5,6.84,52.48,8.33,0
2024-01-03T16:00:00Z,EXT-SENVION-01,9.16,1375.8,11.89,69.32,6.3,0
2024-01-03T16:10:00Z,EXT-SENVION-01,12.17,2056.5,15.92,75.69,4.76,0
2024-01-03T16:20:00Z,EXT-SENVION-01,8.61,1150.3,11.0,62.91,6.1,0
2024-01-03T16:30:00Z,EXT-SENVION-01,8.32,1017.2,10.59,62.27,6.09,0
2024-01-03T16:40:00Z,EXT-SENVION-01,13.71,2070.5,16.0,79.87,6.81,0
2024-01-03T16:50:00Z,EXT-SENVION-01,12.04,2065.2,15.5,78.74,6.36,0
2024-01-03T17:00:00Z,EXT-SENVION-01,4.74,202.8,6.38,51.92,6.66,0
2024-01-03T17:10:00Z,EXT-SENVION-01,9.32,1480.1,12.1,72.71,5.78,0
2024-01-03T17:20:00Z,EXT-SENVION-01,4.27,117.6,5.39,47.44,6.22,0
2024-01-03T17:30:00Z,EXT-SENVION-01,2.94,0.0,0.0,48.16,6.94,0
2024-01-03T17:40:00Z,EXT-SENVION-01,7.69,843.8,9.91,60.49,4.5,0
2024-01-03T17:50:00Z,EXT-SENVION-01,8.67,1171.4,11.35,66.38,5.78,0
2024-01-03T18:00:00Z,EXT-SENVION-01,12.69,2068.5,16.0,79.4,7.34,0
2024-01-03T18:10:00Z,EXT-SENVION-01,8.5,1109.4,10.72,63.95,4.9,0
2024-01-03T18:20:00Z,EXT-SENVION-01,9.93,1755.3,13.04,71.59,7.06,0
2024-01-03T18:30:00Z,EXT-SENVION-01,1.73,0.0,0.0,49.11,5.93,0
2024-01-03T18:40:00Z,EXT-SENVION-01,15.67,2074.1,16.0,82.68,7.73,0
2024-01-03T18:50:00Z,EXT-SENVION-01,1.83,0.0,0.0,45.21,6.82,0
2024-01-03T19:00:00Z,EXT-SENVION-01,9.26,1437.6,12.09,68.76,6.08,0
2024-01-03T19:10:00Z,EXT-SENVION-01,11.21,2050.0,14.81,78.8,5.71,0
2024-01-03T19:20:00Z,EXT-SENVION-01,6.17,440.2,8.23,52.26,6.27,0
2024-01-03T19:30:00Z,EXT-SENVION-01,2.07,0.0,0.0,47.53,6.88,0
2024-01-03T19:40:00Z,EXT-SENVION-01,4.32,132.6,5.8,50.81,5.56,0
2024-01-03T19:50:00Z,EXT-SENVION-01,5.49,292.7,7.26,53.93,7.8,0
2024-01-03T20:00:00Z,EXT-SENVION-01,3.85,90.3,4.64,49.74,7.85,0
2024-01-03T20:10:00Z,EXT-SENVION-01,14.13,2041.3,16.0,81.48,6.49,0
2024-01-03T20:20:00Z,EXT-SENVION-01,8.46,1084.3,10.89,64.3,7.54,0
2024-01-03T20:30:00Z,EXT-SENVION-01,5.74,317.3,7.55,51.61,7.07,0
2024-01-03T20:40:00Z,EXT-SENVION-01,6.72,557.4,8.75,54.33,6.41,0
2024-01-03T20:50:00Z,EXT-SENVION-01,4.02,108.2,5.5,52.26,8.49,0
2024-01-03T21:00:00Z,EXT-SENVION-01,8.42,1057.3,10.88,62.58,6.46,0
2024-01-03T21:10:00Z,EXT-SENVION-01,6.19,423.1,8.16,53.8,9.04,0
2024-01-03T21:20:00Z,EXT-SENVION-01,4.1,124.9,5.11,52.4,8.08,0
2024-01-03T21:30:00Z,EXT-SENVION-01,6.85,558.4,8.76,58.39,9.09,0
2024-01-03T21:40:00Z,EXT-SENVION-01,8.62,1131.7,11.37,69.0,8.47,0
2024-01-03T21:50:00Z,EXT-SENVION-01,2.2,0.0,0.0,51.76,9.95,0
2024-01-03T22:00:00Z,EXT-SENVION-01,10.14,1863.6,12.76,76.43,9.61,0
2024-01-03T22:10:00Z,EXT-SENVION-01,9.64,1594.2,12.71,75.48,9.02,0
2024-01-03T22:20:00Z,EXT-SENVION-01,3.64,111.4,4.73,50.51,8.71,0
2024-01-03T22:30:00Z,EXT-SENVION-01,1.38,0.0,0.0,52.16,11.26,0
2024-01-03T22:40:00Z,EXT-SENVION-01,9.01,1331.8,11.66,72.53,10.45,0
2024-01-03T22:50:00Z,EXT-SENVION-01,8.77,1222.1,11.34,69.16,9.99,0
2024-01-03T23:00:00Z,EXT-SENVION-01,4.83,210.7,6.39,55.85,11.7,0
2024-01-03T23:10:00Z,EXT-SENVION-01,9.32,1436.0,12.09,75.45,9.14,0
2024-01-03T23:20:00Z,EXT-SENVION-01,8.03,953.4,10.58,65.18,11.29,0
2024-01-03T23:30:00Z,EXT-SENVION-01,11.45,2050.0,14.93,78.41,11.15,0
2024-01-03T23:40:00Z,EXT-SENVION-01,4.13,123.3,5.31,52.91,12.32,0
2024-01-03T23:50:00Z,EXT-SENVION-01,11.19,2050.0,14.52,81.32,10.1,0
2024-01-04T00:00:00Z,EXT-SENVION-01,5.0,236.0,6.16,53.77,11.11,0
2024-01-04T00:10:00Z,EXT-SENVION-01,10.88,2050.0,14.46,83.62,13.0,0
2024-01-04T00:20:00Z,EXT-SENVION-01,6.83,559.1,8.57,60.31,12.54,0
2024-01-04T00:30:00Z,EXT-SENVION-01,12.99,2077.0,16.0,84.68,13.77,0
2024-01-04T00:40:00Z,EXT-SENVION-01,4.54,200.1,5.9,54.51,15.15,0
2024-01-04T00:50:00Z,EXT-SENVION-01,8.27,1002.8,10.95,64.97,14.58,0
2024-01-04T01:00:00Z,EXT-SENVION-01,11.54,2050.0,15.17,83.07,13.45,0
2024-01-04T01:10:00Z,EXT-SENVION-01,5.28,235.1,6.8,57.55,14.6,0
2024-01-04T01:20:00Z,EXT-SENVION-01,18.27,2031.2,16.0,81.64,15.38,0
2024-01-04T01:30:00Z,EXT-SENVION-01,5.88,360.4,7.23,55.93,13.05,0
2024-01-04T01:40:00Z,EXT-SENVION-01,2.93,0.0,0.0,52.84,16.05,0
2024-01-04T01:50:00Z,EXT-SENVION-01,2.41,0.0,0.0,51.47,13.26,0
2024-01-04T02:00:00Z,EXT-SENVION-01,6.38,441.9,8.3,60.88,15.47,0
2024-01-04T02:10:00Z,EXT-SENVION-01,3.72,76.5,4.99,54.47,16.75,0
2024-01-04T02:20:00Z,EXT-SENVION-01,2.73,0.0,0.0,50.34,14.31,0
2024-01-04T02:30:00Z,EXT-SENVION-01,2.8,0.0,0.0,50.92,15.5,0
2024-01-04T02:40:00Z,EXT-SENVION-01,2.58,0.0,0.0,54.26,16.33,0
2024-01-04T02:50:00Z,EXT-SENVION-01,7.75,842.0,9.66,68.19,17.18,0
2024-01-04T03:00:00Z,EXT-SENVION-01,8.62,1183.2,11.4,67.92,16.67,0
2024-01-04T03:10:00Z,EXT-SENVION-01,6.0,414.1,7.94,58.62,16.67,0
2024-01-04T03:20:00Z,EXT-SENVION-01,1.11,0.0,0.0,54.94,16.19,0
2024-01-04T03:30:00Z,EXT-SENVION-01,12.64,2067.6,16.0,84.48,15.35,0
2024-01-04T03:40:00Z,EXT-SENVION-01,6.67,519.5,8.41,61.28,15.34,0
2024-01-04T03:50:00Z,EXT-SENVION-01,13.17,2057.2,16.0,85.13,17.43,0
2024-01-04T04:00:00Z,EXT-SENVION-01,6.57,496.3,8.76,62.71,17.68,0
2024-01-04T04:10:00Z,EXT-SENVION-01,5.09,209.0,6.66,57.17,19.15,0
2024-01-04T04:20:00Z,EXT-SENVION-01,2.78,0.0,0.0,52.49,17.62,0
2024-01-04T04:30:00Z,EXT-SENVION-01,1.24,0.0,0.0,54.32,17.06,0
2024-01-04T04:40:00Z,EXT-SENVION-01,1.94,0.0,0.0,52.8,16.88,0
2024-01-04T04:50:00Z,EXT-SENVION-01,7.05,636.1,8.94,65.4,19.26,0
2024-01-04T05:00:00Z,EXT-SENVION-01,8.58,1142.9,10.92,69.57,19.19,0
2024-01-04T05:10:00Z,EXT-SENVION-01,5.02,203.8,6.86,56.32,17.07,0
2024-01-04T05:20:00Z,EXT-SENVION-01,4.21,84.8,5.81,53.85,18.15,0
2024-01-04T05:30:00Z,EXT-SENVION-01,6.86,570.3,9.05,62.1,18.27,0
2024-01-04T05:40:00Z,EXT-SENVION-01,9.47,1495.3,12.45,77.21,18.32,0
2024-01-04T05:50:00Z,EXT-SENVION-01,6.95,575.4,8.75,61.51,16.92,0
2024-01-04T06:00:00Z,EXT-SENVION-01,10.57,2050.0,13.61,87.33,20.03,0
2024-01-04T06:10:00Z,EXT-SENVION-01,7.84,820.4,9.85,66.59,19.25,0
2024-01-04T06:20:00Z,EXT-SENVION-01,6.98,625.0,9.28,66.2,18.62,0
2024-01-04T06:30:00Z,EXT-SENVION-01,6.97,591.6,8.85,61.79,18.44,0
2024-01-04T06:40:00Z,EXT-SENVION-01,10.73,2050.0,14.25,82.24,17.3,0
2024-01-04T06:50:00Z,EXT-SENVION-01,4.07,147.9,5.2,56.92,18.01,0
2024-01-04T07:00:00Z,EXT-SENVION-01,2.98,0.0,0.0,54.13,19.24,0
2024-01-04T07:10:00Z,EXT-SENVION-01,13.03,2033.2,16.0,85.05,19.47,0
2024-01-04T07:20:00Z,EXT-SENVION-01,7.12,651.4,9.2,63.95,17.32,0
2024-01-04T07:30:00Z,EXT-SENVION-01,8.98,1289.0,11.62,72.8,16.59,0
2024-01-04T07:40:00Z,EXT-SENVION-01,14.77,2066.6,16.0,82.84,17.16,0
2024-01-04T07:50:00Z,EXT-SENVION-01,1.88,0.0,0.0,55.98,19.62,0
2024-01-04T08:00:00Z,EXT-SENVION-01,9.65,1611.1,12.47,79.78,17.46,0
2024-01-04T08:10:00Z,EXT-SENVION-01,7.15,634.1,9.2,63.28,16.19,0
2024-01-04T08:20:00Z,EXT-SENVION-01,12.53,2029.8,16.0,81.66,17.94,0
2024-01-04T08:30:00Z,EXT-SENVION-01,8.66,1151.3,11.15,68.65,15.94,0
2024-01-04T08:40:00Z,EXT-SENVION-01,2.66,0.0,0.0,53.65,16.63,0
2024-01-04T08:50:00Z,EXT-SENVION-01,12.98,2057.3,16.0,84.17,15.34,0
2024-01-04T09:00:00Z,EXT-SENVION-01,6.21,395.6,8.03,58.75,14.8,0
2024-01-04T09:10:00Z,EXT-SENVION-01,3.38,78.9,4.71,53.81,17.52,0
2024-01-04T09:20:00Z,EXT-SENVION-01,7.41,709.5,9.56,61.63,15.84,0
2024-01-04T09:30:00Z,EXT-SENVION-01,12.54,2054.6,16.0,87.0,15.9,0
2024-01-04T09:40:00Z,EXT-SENVION-01,4.27,119.5,5.36,55.38,15.24,0
2024-01-04T09:50:00Z,EXT-SENVION-01,5.47,296.8,6.91,58.41,13.79,0
2024-01-04T10:00:00Z,EXT-SENVION-01,3.56,71.0,4.55,55.57,16.56,0
2024-01-04T10:10:00Z,EXT-SENVION-01,5.78,362.2,7.28,59.76,16.4,0
2024-01-04T10:20:00Z,EXT-SENVION-01,3.99,128.2,5.76,53.12,13.07,0
2024-01-04T10:30:00Z,EXT-SENVION-01,5.14,258.3,6.49,54.42,13.67,0
2024-01-04T10:40:00Z,EXT-SENVION-01,7.97,890.9,10.76,66.87,14.22,0
2024-01-04T10:50:00Z,EXT-SENVION-01,5.32,294.5,6.89,55.2,13.3,0
2024-01-04T11:00:00Z,EXT-SENVION-01,9.82,1678.0,13.03,74.19,12.69,0
2024-01-04T11:10:00Z,EXT-SENVION-01,10.26,1930.3,12.71,79.69,13.61,0
2024-01-04T11:20:00Z,EXT-SENVION-01,4.08,140.5,5.21,51.52,11.88,0
2024-01-04T11:30:00Z,EXT-SENVION-01,11.66,2050.0,15.02,82.07,13.59,0
2024-01-04T11:40:00Z,EXT-SENVION-01,9.85,1674.1,12.72,77.73,13.14,0
2024-01-04T11:50:00Z,EXT-SENVION-01,9.41,1495.9,12.13,70.89,11.42,0
2024-01-04T12:00:00Z,EXT-SENVION-01,2.43,0.0,0.0,50.27,11.57,0
2024-01-04T12:10:00Z,EXT-SENVION-01,9.03,1349.1,11.82,71.3,12.7,0
2024-01-04T12:20:00Z,EXT-SENVION-01,6.99,599.4,9.0,59.27,11.33,0
2024-01-04T12:30:00Z,EXT-SENVION-01,7.56,793.8,9.91,62.72,10.55,0
2024-01-04T12:40:00Z,EXT-SENVION-01,9.83,1637.2,12.89,76.9,11.0,0
2024-01-04T12:50:00Z,EXT-SENVION-01,10.87,2050.0,13.7,81.5,9.35,0
2024-01-04T13:00:00Z,EXT-SENVION-01,8.28,978.7,10.77,67.98,11.07,0
2024-01-04T13:10:00Z,EXT-SENVION-01,4.26,152.9,5.42,53.58,10.97,0
2024-01-04T13:20:00Z,EXT-SENVION-01,6.71,560.8,8.51,58.11,10.59,0
2024-01-04T13:30:00Z,EXT-SENVION-01,3.91,110.1,4.97,51.62,10.61,0
2024-01-04T13:40:00Z,EXT-SENVION-01,6.57,485.7,8.37,57.92,9.1,0
2024-01-04T13:50:00Z,EXT-SENVION-01,2.4,0.0,0.0,47.79,8.87,0
2024-01-04T14:00:00Z,EXT-SENVION-01,5.0,194.7,6.27,52.67,9.13,0
2024-01-04T14:10:00Z,EXT-SENVION-01,6.25,419.8,8.1,56.84,8.77,0
2024-01-04T14:20:00Z,EXT-SENVION-01,6.32,472.4,8.38,58.38,10.31,0
2024-01-04T14:30:00Z,EXT-SENVION-01,4.86,186.4,6.23,51.3,7.8,0
2024-01-04T14:40:00Z,EXT-SENVION-01,9.87,1709.2,12.74,76.05,8.55,0
2024-01-04T14:50:00Z,EXT-SENVION-01,3.67,93.0,4.27,49.96,9.43,0
2024-01-04T15:00:00Z,EXT-SENVION-01,4.21,143.7,5.2,53.76,8.73,0
2024-01-04T15:10:00Z,EXT-SENVION-01,5.36,306.9,7.18,52.62,7.74,0
2024-01-04T15:20:00Z,EXT-SENVION-01,6.79,535.5,8.85,59.8,7.67,0
2024-01-04T15:30:00Z,EXT-SENVION-01,13.08,2041.8,16.0,79.08,7.19,0
2024-01-04T15:40:00Z,EXT-SENVION-01,10.21,1911.9,12.87,78.21,8.24,0
2024-01-04T15:50:00Z,EXT-SENVION-01,5.28,256.5,7.32,51.85,9.22,0
2024-01-04T16:00:00Z,EXT-SENVION-01,10.58,2050.0,13.3,76.98,6.48,0
2024-01-04T16:10:00Z,EXT-SENVION-01,1.74,0.0,0.0,47.72,5.26,0
2024-01-04T16:20:00Z,EXT-SENVION-01,8.24,1026.0,10.71,61.77,6.4,0
2024-01-04T16:30:00Z,EXT-SENVION-01,11.08,2050.0,14.03,78.58,5.33,0
2024-01-04T16:40:00Z,EXT-SENVION-01,1.39,0.0,0.0,49.34,3.73,0
2024-01-04T16:50:00Z,EXT-SENVION-01,6.18,423.8,8.18,53.57,5.06,0
2024-01-04T17:00:00Z,EXT-SENVION-01,1.9,0.0,0.0,49.04,6.23,0
2024-01-04T17:10:00Z,EXT-SENVION-01,7.44,722.4,10.09,57.14,5.91,0
2024-01-04T17:20:00Z,EXT-SENVION-01,5.1,217.4,6.95,51.78,5.13,0
2024-01-04T17:30:00Z,EXT-SENVION-01,4.58,189.5,6.04,49.01,5.61,0
2024-01-04T17:40:00Z,EXT-SENVION-01,5.94,379.4,7.59,54.36,5.44,0
2024-01-04T17:50:00Z,EXT-SENVION-01,5.2,221.0,6.69,50.62,6.02,0
2024-01-04T18:00:00Z,EXT-SENVION-01,8.05,943.9,10.69,63.53,5.83,0
2024-01-04T18:10:00Z,EXT-SENVION-01,4.37,167.8,5.31,48.48,4.9,0
2024-01-04T18:20:00Z,EXT-SENVION-01,3.26,29.9,4.08,49.31,5.28,0
2024-01-04T18:30:00Z,EXT-SENVION-01,13.52,2057.5,16.0,77.58,6.73,0
2024-01-04T18:40:00Z,EXT-SENVION-01,15.73,2027.3,16.0,79.14,5.64,0
2024-01-04T18:50:00Z,EXT-SENVION-01,5.2,226.4,6.65,51.06,4.7,0
2024-01-04T19:00:00Z,EXT-SENVION-01,11.73,2050.0,15.38,79.4,6.07,0
2024-01-04T19:10:00Z,EXT-SENVION-01,6.52,491.1,8.24,53.74,6.49,0
2024-01-04T19:20:00Z,EXT-SENVION-01,6.95,600.8,9.28,59.85,8.01,0
2024-01-04T19:30:00Z,EXT-SENVION-01,4.18,139.2,5.55,49.99,6.59,0
2024-01-04T19:40:00Z,EXT-SENVION-01,9.42,1498.8,12.37,69.91,6.38,0
2024-01-04T19:50:00Z,EXT-SENVION-01,3.18,64.9,4.34,46.8,6.14,0
2024-01-04T20:00:00Z,EXT-SENVION-01,10.33,1977.9,13.56,79.37,8.2,0
2024-01-04T20:10:00Z,EXT-SENVION-01,9.35,1484.9,11.99,72.17,7.9,0
2024-01-04T20:20:00Z,EXT-SENVION-01,3.75,53.6,4.98,52.72,6.98,0
2024-01-04T20:30:00Z,EXT-SENVION-01,3.16,44.1,4.47,50.37,7.26,0
2024-01-04T20:40:00Z,EXT-SENVION-01,8.37,1076.1,11.44,64.95,7.74,0
2024-01-04T20:50:00Z,EXT-SENVION-01,6.84,574.5,9.1,58.85,9.27,0
2024-01-04T21:00:00Z,EXT-SENVION-01,8.32,1023.0,10.8,65.36,7.98,0
2024-01-04T21:10:00Z,EXT-SENVION-01,14.67,2042.9,16.0,79.41,7.37,0
2024-01-04T21:20:00Z,EXT-SENVION-01,5.42,319.7,6.79,54.38,7.0,0
2024-01-04T21:30:00Z,EXT-SENVION-01,5.1,232.0,6.57,51.69,7.7,0
2024-01-04T21:40:00Z,EXT-SENVION-01,2.29,0.0,0.0,50.48,8.89,0
2024-01-04T21:50:00Z,EXT-SENVION-01,1.97,0.0,0.0,53.19,10.29,0
2024-01-04T22:00:00Z,EXT-SENVION-01,8.67,1163.8,11.31,67.82,8.9,0
2024-01-04T22:10:00Z,EXT-SENVION-01,11.49,2050.0,14.68,79.42,8.1,0
2024-01-04T22:20:00Z,EXT-SENVION-01,7.21,694.3,9.39,61.44,10.89,0
2024-01-04T22:30:00Z,EXT-SENVION-01,13.46,2049.1,16.0,81.05,8.27,0
2024-01-04T22:40:00Z,EXT-SENVION-01,6.2,390.0,8.08,58.99,11.44,0
2024-01-04T22:50:00Z,EXT-SENVION-01,15.8,2044.7,16.0,80.39,11.12,0
2024-01-04T23:00:00Z,EXT-SENVION-01,6.16,402.0,7.61,57.28,8.72,0
2024-01-04T23:10:00Z,EXT-SENVION-01,5.54,353.2,7.26,54.66,9.93,0
2024-01-04T23:20:00Z,EXT-SENVION-01,6.58,496.2,8.52,58.04,10.47,0
2024-01-04T23:30:00Z,EXT-SENVION-01,4.82,208.0,6.38,53.49,11.28,0
2024-01-04T23:40:00Z,EXT-SENVION-01,8.62,1118.7,11.35,67.31,10.45,0
2024-01-04T23:50:00Z,EXT-SENVION-01,9.52,1539.7,12.39,74.61,13.77,0
2024-01-05T00:00:00Z,EXT-SENVION-01,10.81,2050.0,13.78,83.84,11.1,0
2024-01-05T00:10:00Z,EXT-SENVION-01,13.41,2056.7,16.0,80.6,12.27,0
2024-01-05T00:20:00Z,EXT-SENVION-01,10.73,2050.0,13.95,80.03,12.97,0
2024-01-05T00:30:00Z,EXT-SENVION-01,6.82,561.8,9.05,60.55,12.5,0
2024-01-05T00:40:00Z,EXT-SENVION-01,5.12,268.4,6.99,54.05,12.29,0
2024-01-05T00:50:00Z,EXT-SENVION-01,3.6,49.4,4.73,52.88,12.23,0
2024-01-05T01:00:00Z,EXT-SENVION-01,5.94,377.1,7.68,55.18,12.55,0
2024-01-05T01:10:00Z,EXT-SENVION-01,4.74,198.0,6.07,53.31,13.32,0
2024-01-05T01:20:00Z,EXT-SENVION-01,12.43,2072.6,16.0,86.29,14.35,0
2024-01-05T01:30:00Z,EXT-SENVION-01,15.26,2033.9,16.0,80.71,15.76,0
2024-01-05T01:40:00Z,EXT-SENVION-01,11.12,2050.0,14.46,83.17,14.74,0
2024-01-05T01:50:00Z,EXT-SENVION-01,2.23,0.0,0.0,51.59,13.93,0
2024-01-05T02:00:00Z,EXT-SENVION-01,7.81,849.0,10.27,64.99,15.44,0
2024-01-05T02:10:00Z,EXT-SENVION-01,7.4,722.8,9.57,63.55,15.65,0
2024-01-05T02:20:00Z,EXT-SENVION-01,2.69,0.0,0.0,51.25,14.76,0
2024-01-05T02:30:00Z,EXT-SENVION-01,17.32,2048.6,16.0,83.52,15.02,0
2024-01-05T02:40:00Z,EXT-SENVION-01,8.85,1265.4,11.8,70.63,16.48,0
2024-01-05T02:50:00Z,EXT-SENVION-01,4.03,130.4,5.2,53.1,14.6,0
2024-01-05T03:00:00Z,EXT-SENVION-01,7.68,790.0,9.81,63.49,15.44,0
2024-01-05T03:10:00Z,EXT-SENVION-01,3.37,60.2,4.27,57.93,16.39,0
2024-01-05T03:20:00Z,EXT-SENVION-01,1.81,0.0,0.0,54.52,15.79,0
2024-01-05T03:30:00Z,EXT-SENVION-01,3.23,84.8,4.23,56.58,18.8,0
2024-01-05T03:40:00Z,EXT-SENVION-01,6.59,495.8,8.52,59.19,19.32,0
2024-01-05T03:50:00Z,EXT-SENVION-01,1.67,0.0,0.0,52.39,18.21,0
2024-01-05T04:00:00Z,EXT-SENVION-01,5.3,276.3,7.33,59.12,16.48,0
2024-01-05T04:10:00Z,EXT-SENVION-01,9.41,1507.6,12.09,75.48,17.11,0
2024-01-05T04:20:00Z,EXT-SENVION-01,6.98,641.5,8.88,60.41,16.3,0
2024-01-05T04:30:00Z,EXT-SENVION-01,10.14,1844.8,13.25,80.76,17.41,0
2024-01-05T04:40:00Z,EXT-SENVION-01,1.03,0.0,0.0,53.81,16.14,0
2024-01-05T04:50:00Z,EXT-SENVION-01,4.16,111.4,5.69,55.09,19.06,0
2024-01-05T05:00:00Z,EXT-SENVION-01,4.34,148.5,5.65,55.03,17.85,0
2024-01-05T05:10:00Z,EXT-SENVION-01,12.31,2056.0,15.99,85.57,17.73,0
2024-01-05T05:20:00Z,EXT-SENVION-01,10.12,1869.6,13.03,79.96,17.55,0
2024-01-05T05:30:00Z,EXT-SENVION-01,10.84,2050.0,13.98,83.24,17.48,0
2024-01-05T05:40:00Z,EXT-SENVION-01,10.54,2050.0,13.62,87.74,18.48,0
2024-01-05T05:50:00Z,EXT-SENVION-01,8.17,975.6,10.67,65.81,16.96,0
2024-01-05T06:00:00Z,EXT-SENVION-01,9.86,1726.3,12.74,80.34,16.42,0
2024-01-05T06:10:00Z,EXT-SENVION-01,7.76,841.7,9.88,65.29,18.24,0
2024-01-05T06:20:00Z,EXT-SENVION-01,3.65,87.4,4.65,53.83,17.23,0
2024-01-05T06:30:00Z,EXT-SENVION-01,11.99,2050.0,15.59,84.41,17.69,0
2024-01-05T06:40:00Z,EXT-SENVION-01,9.41,1502.2,12.26,76.58,15.54,0
2024-01-05T06:50:00Z,EXT-SENVION-01,6.03,377.6,7.81,58.96,18.07,0
2024-01-05T07:00:00Z,EXT-SENVION-01,4.25,176.4,5.42,55.65,15.51,0
2024-01-05T07:10:00Z,EXT-SENVION-01,10.63,2050.0,13.34,85.45,15.33,0
2024-01-05T07:20:00Z,EXT-SENVION-01,6.97,601.1,8.74,61.37,18.06,0
2024-01-05T07:30:00Z,EXT-SENVION-01,6.87,587.3,8.71,60.1,18.16,0
2024-01-05T07:40:00Z,EXT-SENVION-01,8.61,1157.7,11.11,68.54,17.17,0
2024-01-05T07:50:00Z,EXT-SENVION-01,2.72,0.0,0.0,54.3,18.29,0
2024-01-05T08:00:00Z,EXT-SENVION-01,8.15,990.5,10.37,67.67,16.78,0
2024-01-05T08:10:00Z,EXT-SENVION-01,4.71,178.1,6.13,54.65,16.05,0
2024-01-05T08:20:00Z,EXT-SENVION-01,9.55,1554.8,12.29,79.05,18.03,0
2024-01-05T08:30:00Z,EXT-SENVION-01,7.74,819.4,9.94,63.58,16.41,0
2024-01-05T08:40:00Z,EXT-SENVION-01,8.61,1157.9,11.25,70.36,15.37,0
2024-01-05T08:50:00Z,EXT-SENVION-01,3.74,109.5,4.86,56.91,17.44,0
2024-01-05T09:00:00Z,EXT-SENVION-01,9.46,1538.1,12.27,78.05,16.81,0
2024-01-05T09:10:00Z,EXT-SENVION-01,3.43,75.7,4.14,51.76,14.65,0
2024-01-05T09:20:00Z,EXT-SENVION-01,2.23,0.0,0.0,52.17,14.16,0
2024-01-05T09:30:00Z,EXT-SENVION-01,9.95,1752.6,13.47,78.38,15.41,0
2024-01-05T09:40:00Z,EXT-SENVION-01,9.05,1327.6,11.55,69.42,15.17,0
2024-01-05T09:50:00Z,EXT-SENVION-01,0.99,0.0,0.0,53.91,16.17,0
2024-01-05T10:00:00Z,EXT-SENVION-01,9.43,1497.1,12.61,75.27,14.52,0
2024-01-05T10:10:00Z,EXT-SENVION-01,9.2,1352.0,12.09,72.95,15.19,0
2024-01-05T10:20:00Z,EXT-SENVION-01,6.96,616.6,8.72,63.27,14.94,0
2024-01-05T10:30:00Z,EXT-SENVION-01,13.75,1997.7,16.0,82.91,14.81,0
2024-01-05T10:40:00Z,EXT-SENVION-01,8.29,1038.0,10.75,66.94,13.81,0
2024-01-05T10:50:00Z,EXT-SENVION-01,3.12,42.0,4.13,53.47,12.73,0
2024-01-05T11:00:00Z,EXT-SENVION-01,10.28,1965.3,13.26,81.33,13.56,0
2024-01-05T11:10:00Z,EXT-SENVION-01,2.41,0.0,0.0,51.14,13.53,0
2024-01-05T11:20:00Z,EXT-SENVION-01,9.04,1319.7,11.51,71.28,15.08,0
2024-01-05T11:30:00Z,EXT-SENVION-01,5.12,238.6,6.81,54.12,12.08,0
2024-01-05T11:40:00Z,EXT-SENVION-01,4.12,104.0,5.32,51.12,12.19,0
2024-01-05T11:50:00Z,EXT-SENVION-01,5.27,263.7,6.99,52.13,12.08,0
2024-01-05T12:00:00Z,EXT-SENVION-01,5.6,355.1,7.34,59.4,12.68,0
2024-01-05T12:10:00Z,EXT-SENVION-01,3.91,109.0,4.81,53.13,11.84,0
2024-01-05T12:20:00Z,EXT-SENVION-01,6.29,477.0,8.28,58.25,10.26,0
2024-01-05T12:30:00Z,EXT-SENVION-01,8.21,990.8,10.87,64.95,11.09,0
2024-01-05T12:40:00Z,EXT-SENVION-01,4.85,216.3,6.12,53.53,10.35,0
2024-01-05T12:50:00Z,EXT-SENVION-01,5.73,355.7,7.24,58.85,10.81,0
2024-01-05T13:00:00Z,EXT-SENVION-01,4.84,199.5,6.09,52.48,10.34,0
2024-01-05T13:10:00Z,EXT-SENVION-01,0.82,0.0,0.0,51.26,10.93,0
2024-01-05T13:20:00Z,EXT-SENVION-01,6.61,533.6,8.64,53.95,9.6,0
2024-01-05T13:30:00Z,EXT-SENVION-01,6.29,448.9,8.3,55.52,10.48,0
2024-01-05T13:40:00Z,EXT-SENVION-01,15.34,2039.6,16.0,78.06,9.22,0
2024-01-05T13:50:00Z,EXT-SENVION-01,2.57,0.0,0.0,49.97,9.82,0
2024-01-05T14:00:00Z,EXT-SENVION-01,4.31,154.9,5.79,52.29,9.68,0
2024-01-05T14:10:00Z,EXT-SENVION-01,9.44,1489.3,12.34,71.87,9.84,0
2024-01-05T14:20:00Z,EXT-SENVION-01,5.99,365.0,7.9,55.51,8.95,0
2024-01-05T14:30:00Z,EXT-SENVION-01,10.94,2050.0,14.34,81.37,7.16,0
2024-01-05T14:40:00Z,EXT-SENVION-01,6.23,415.4,8.15,54.72,7.36,0
2024-01-05T14:50:00Z,EXT-SENVION-01,12.23,2050.9,16.0,81.56,9.05,0
2024-01-05T15:00:00Z,EXT-SENVION-01,10.22,1900.2,13.08,79.28,7.34,0
2024-01-05T15:10:00Z,EXT-SENVION-01,2.13,0.0,0.0,48.59,9.12,0
2024-01-05T15:20:00Z,EXT-SENVION-01,3.54,106.8,4.45,50.56,6.73,0
2024-01-05T15:30:00Z,EXT-SENVION-01,4.3,170.4,5.71,52.44,6.87,0
2024-01-05T15:40:00Z,EXT-SENVION-01,9.07,1355.4,11.74,72.33,5.72,0
2024-01-05T15:50:00Z,EXT-SENVION-01,8.72,1169.5,11.48,66.06,7.4,0
2024-01-05T16:00:00Z,EXT-SENVION-01,7.9,885.9,10.24,68.51,7.23,0
2024-01-05T16:10:00Z,EXT-SENVION-01,4.57,121.4,6.26,49.49,7.49,0
2024-01-05T16:20:00Z,EXT-SENVION-01,0.63,0.0,0.0,46.72,6.2,0
2024-01-05T16:30:00Z,EXT-SENVION-01,6.09,413.2,8.03,54.92,6.46,0
2024-01-05T16:40:00Z,EXT-SENVION-01,6.29,443.3,8.35,54.7,7.21,0
2024-01-05T16:50:00Z,EXT-SENVION-01,3.34,82.5,4.05,49.01,6.06,0
2024-01-05T17:00:00Z,EXT-SENVION-01,1.05,0.0,0.0,46.85,5.87,0
2024-01-05T17:10:00Z,EXT-SENVION-01,3.95,111.0,5.35,50.13,6.13,0
2024-01-05T17:20:00Z,EXT-SENVION-01,9.32,1428.5,12.12,67.68,6.36,0
2024-01-05T17:30:00Z,EXT-SENVION-01,12.89,2041.6,16.0,79.32,6.04,0
2024-01-05T17:40:00Z,EXT-SENVION-01,10.12,1866.9,13.34,75.02,5.82,0
2024-01-05T17:50:00Z,EXT-SENVION-01,4.96,213.6,6.38,51.89,6.22,0
2024-01-05T18:00:00Z,EXT-SENVION-01,16.55,2063.4,16.0,77.88,5.68,0
2024-01-05T18:10:00Z,EXT-SENVION-01,9.23,1422.1,11.94,69.26,5.03,0
2024-01-05T18:20:00Z,EXT-SENVION-01,5.51,313.6,7.39,51.62,4.38,0
2024-01-05T18:30:00Z,EXT-SENVION-01,1.97,0.0,0.0,45.73,6.48,0
2024-01-05T18:40:00Z,EXT-SENVION-01,9.71,1637.4,12.72,72.52,5.75,0
2024-01-05T18:50:00Z,EXT-SENVION-01,4.22,132.4,5.66,49.16,5.67,0
2024-01-05T19:00:00Z,EXT-SENVION-01,11.49,2050.0,14.86,78.27,5.94,0
2024-01-05T19:10:00Z,EXT-SENVION-01,13.82,2041.6,16.0,77.94,4.66,0
2024-01-05T19:20:00Z,EXT-SENVION-01,13.2,2039.6,16.0,78.68,5.43,0
2024-01-05T19:30:00Z,EXT-SENVION-01,7.85,855.1,10.21,63.3,6.81,0
2024-01-05T19:40:00Z,EXT-SENVION-01,7.94,884.3,10.13,61.75,6.28,0
2024-01-05T19:50:00Z,EXT-SENVION-01,4.61,154.0,5.96,53.87,7.53,0
2024-01-05T20:00:00Z,EXT-SENVION-01,10.3,1957.3,12.98,76.53,6.29,0
2024-01-05T20:10:00Z,EXT-SENVION-01,2.11,0.0,0.0,50.39,7.18,0
2024-01-05T20:20:00Z,EXT-SENVION-01,12.72,2051.5,16.0,79.34,6.46,0
2024-01-05T20:30:00Z,EXT-SENVION-01,8.78,1227.9,11.62,67.44,8.97,0
2024-01-05T20:40:00Z,EXT-SENVION-01,6.78,549.2,8.72,56.43,4.41,0
2024-01-05T20:50:00Z,EXT-SENVION-01,11.15,2050.0,14.7,79.78,7.07,0
2024-01-05T21:00:00Z,EXT-SENVION-01,8.33,1053.0,10.99,62.6,7.22,0
2024-01-05T21:10:00Z,EXT-SENVION-01,5.02,260.1,6.5,53.03,7.69,0
2024-01-05T21:20:00Z,EXT-SENVION-01,7.51,744.9,9.92,58.54,8.76,0
2024-01-05T21:30:00Z,EXT-SENVION-01,3.51,52.9,4.4,49.82,7.06,0
2024-01-05T21:40:00Z,EXT-SENVION-01,5.85,368.3,7.83,52.37,7.68,0
2024-01-05T21:50:00Z,EXT-SENVION-01,7.01,617.7,9.21,59.15,7.48,0
2024-01-05T22:00:00Z,EXT-SENVION-01,5.92,360.0,7.82,54.94,8.88,0
2024-01-05T22:10:00Z,EXT-SENVION-01,6.02,414.9,7.81,52.28,7.67,0
2024-01-05T22:20:00Z,EXT-SENVION-01,12.21,2059.4,16.0,80.18,10.05,0
2024-01-05T22:30:00Z,EXT-SENVION-01,13.38,2085.6,16.0,80.22,12.14,0
2024-01-05T22:40:00Z,EXT-SENVION-01,8.29,1029.1,10.63,66.19,9.22,0
2024-01-05T22:50:00Z,EXT-SENVION-01,13.8,2043.6,16.0,79.89,10.27,0
2024-01-05T23:00:00Z,EXT-SENVION-01,3.52,81.4,5.0,52.45,11.79,0
2024-01-05T23:10:00Z,EXT-SENVION-01,2.21,0.0,0.0,50.5,9.61,0
2024-01-05T23:20:00Z,EXT-SENVION-01,7.52,784.2,9.62,60.54,10.95,0
2024-01-05T23:30:00Z,EXT-SENVION-01,3.92,67.1,5.13,52.92,11.26,0
2024-01-05T23:40:00Z,EXT-SENVION-01,9.69,1654.5,12.79,73.91,12.24,0
2024-01-05T23:50:00Z,EXT-SENVION-01,6.82,569.6,8.93,56.88,11.86,0
2024-01-06T00:00:00Z,EXT-SENVION-01,5.82,365.3,7.57,55.37,12.08,0
2024-01-06T00:10:00Z,EXT-SENVION-01,4.58,159.8,6.03,49.75,11.42,0
2024-01-06T00:20:00Z,EXT-SENVION-01,7.18,666.4,9.42,62.36,13.55,0
2024-01-06T00:30:00Z,EXT-SENVION-01,3.6,69.9,4.6,51.62,12.36,0
2024-01-06T00:40:00Z,EXT-SENVION-01,4.05,131.5,5.45,51.18,13.15,0
2024-01-06T00:50:00Z,EXT-SENVION-01,6.87,571.6,8.63,61.95,13.72,0
2024-01-06T01:00:00Z,EXT-SENVION-01,4.16,135.5,5.8,53.44,14.23,0
2024-01-06T01:10:00Z,EXT-SENVION-01,1.99,0.0,0.0,51.59,14.75,0
2024-01-06T01:20:00Z,EXT-SENVION-01,6.02,383.5,7.91,58.3,14.5,0
2024-01-06T01:30:00Z,EXT-SENVION-01,5.14,241.1,6.48,58.12,15.83,0
2024-01-06T01:40:00Z,EXT-SENVION-01,10.37,1975.9,13.5,80.79,15.61,0
2024-01-06T01:50:00Z,EXT-SENVION-01,11.19,2050.0,14.92,85.02,16.24,0
2024-01-06T02:00:00Z,EXT-SENVION-01,4.54,138.6,6.08,54.96,14.82,0
2024-01-06T02:10:00Z,EXT-SENVION-01,5.04,196.2,6.57,56.21,14.71,0
2024-01-06T02:20:00Z,EXT-SENVION-01,9.44,1529.1,12.47,75.66,15.18,0
2024-01-06T02:30:00Z,EXT-SENVION-01,3.5,70.7,4.5,53.25,15.06,0
2024-01-06T02:40:00Z,EXT-SENVION-01,18.96,2043.2,16.0,83.83,17.37,0
2024-01-06T02:50:00Z,EXT-SENVION-01,1.86,0.0,0.0,55.14,16.11,0
2024-01-06T03:00:00Z,EXT-SENVION-01,9.29,1416.1,12.04,72.68,15.79,0
2024-01-06T03:10:00Z,EXT-SENVION-01,8.76,1192.7,11.37,69.61,15.62,0
2024-01-06T03:20:00Z,EXT-SENVION-01,10.24,1899.6,13.05,81.42,15.38,0
2024-01-06T03:30:00Z,EXT-SENVION-01,6.51,524.4,8.43,60.55,16.68,0
2024-01-06T03:40:00Z,EXT-SENVION-01,4.32,160.7,5.99,55.17,16.75,0
2024-01-06T03:50:00Z,EXT-SENVION-01,6.42,473.0,8.37,61.04,17.76,0
2024-01-06T04:00:00Z,EXT-SENVION-01,7.6,820.9,9.5,63.77,17.98,0
2024-01-06T04:10:00Z,EXT-SENVION-01,5.51,297.4,6.93,59.4,16.99,0
2024-01-06T04:20:00Z,EXT-SENVION-01,8.28,1014.3,10.55,69.37,18.03,0
2024-01-06T04:30:00Z,EXT-SENVION-01,5.94,391.5,7.92,57.32,16.89,0
2024-01-06T04:40:00Z,EXT-SENVION-01,16.53,2035.2,16.0,82.06,16.24,0
2024-01-06T04:50:00Z,EXT-SENVION-01,16.26,2061.0,16.0,87.13,19.64,0
2024-01-06T05:00:00Z,EXT-SENVION-01,15.49,2046.9,16.0,83.58,18.79,0
2024-01-06T05:10:00Z,EXT-SENVION-01,9.06,1330.5,11.82,74.61,17.16,0
2024-01-06T05:20:00Z,EXT-SENVION-01,12.41,2081.4,16.0,89.07,19.84,0
2024-01-06T05:30:00Z,EXT-SENVION-01,3.63,108.2,4.91,56.58,17.78,0
2024-01-06T05:40:00Z,EXT-SENVION-01,10.67,2050.0,13.56,84.94,17.04,0
2024-01-06T05:50:00Z,EXT-SENVION-01,5.96,388.7,7.52,60.3,18.55,0
2024-01-06T06:00:00Z,EXT-SENVION-01,2.34,0.0,0.0,54.96,18.05,0
2024-01-06T06:10:00Z,EXT-SENVION-01,5.56,296.4,7.01,57.86,18.06,0
2024-01-06T06:20:00Z,EXT-SENVION-01,0.61,0.0,0.0,53.99,16.81,0
2024-01-06T06:30:00Z,EXT-SENVION-01,8.24,994.1,10.49,70.21,18.16,0
2024-01-06T06:40:00Z,EXT-SENVION-01,4.79,176.4,6.14,55.39,17.8,0
2024-01-06T06:50:00Z,EXT-SENVION-01,4.03,141.3,4.89,53.25,16.9,0
2024-01-06T07:00:00Z,EXT-SENVION-01,0.98,0.0,0.0,53.19,18.31,0
2024-01-06T07:10:00Z,EXT-SENVION-01,13.96,2062.4,16.0,84.37,18.79,0
2024-01-06T07:20:00Z,EXT-SENVION-01,6.17,423.5,7.79,60.61,16.64,0
2024-01-06T07:30:00Z,EXT-SENVION-01,2.85,0.0,0.0,52.44,16.43,0
2024-01-06T07:40:00Z,EXT-SENVION-01,3.01,44.3,3.87,54.0,17.62,0
2024-01-06T07:50:00Z,EXT-SENVION-01,6.66,522.8,8.65,62.58,18.38,0
2024-01-06T08:00:00Z,EXT-SENVION-01,9.5,1546.1,12.52,76.54,15.44,0
2024-01-06T08:10:00Z,EXT-SENVION-01,3.33,80.3,4.01,52.47,17.11,0
2024-01-06T08:20:00Z,EXT-SENVION-01,1.0,0.0,0.0,54.32,15.76,0
2024-01-06T08:30:00Z,EXT-SENVION-01,2.42,0.0,0.0,51.87,16.55,0
2024-01-06T08:40:00Z,EXT-SENVION-01,8.11,930.6,10.55,66.1,18.68,0
2024-01-06T08:50:00Z,EXT-SENVION-01,10.12,1843.5,13.29,82.14,16.58,0
2024-01-06T09:00:00Z,EXT-SENVION-01,10.31,1952.4,13.44,83.97,17.15,0
2024-01-06T09:10:00Z,EXT-SENVION-01,5.95,395.1,7.6,59.32,16.06,0
2024-01-06T09:20:00Z,EXT-SENVION-01,1.29,0.0,0.0,55.8,16.31,0
2024-01-06T09:30:00Z,EXT-SENVION-01,1.56,0.0,0.0,49.3,16.2,0
2024-01-06T09:40:00Z,EXT-SENVION-01,6.21,410.5,7.96,56.4,16.78,0
2024-01-06T09:50:00Z,EXT-SENVION-01,4.11,119.8,5.49,52.92,15.71,0
2024-01-06T10:00:00Z,EXT-SENVION-01,7.15,678.5,9.53,60.43,15.24,0
2024-01-06T10:10:00Z,EXT-SENVION-01,6.19,433.4,7.96,59.06,13.24,0
2024-01-06T10:20:00Z,EXT-SENVION-01,7.76,846.8,9.92,65.53,13.02,0
2024-01-06T10:30:00Z,EXT-SENVION-01,1.32,0.0,0.0,51.84,14.22,0
2024-01-06T10:40:00Z,EXT-SENVION-01,10.07,1817.9,13.29,82.3,14.81,0
2024-01-06T10:50:00Z,EXT-SENVION-01,1.96,0.0,0.0,53.78,13.2,0
2024-01-06T11:00:00Z,EXT-SENVION-01,11.76,2050.0,15.38,84.24,13.9,0
2024-01-06T11:10:00Z,EXT-SENVION-01,6.44,475.7,8.55,58.01,11.62,0
2024-01-06T11:20:00Z,EXT-SENVION-01,10.88,2050.0,14.18,84.17,12.51,0
2024-01-06T11:30:00Z,EXT-SENVION-01,7.28,677.8,9.24,62.0,12.61,0
2024-01-06T11:40:00Z,EXT-SENVION-01,10.16,1835.6,13.21,75.27,11.35,0
2024-01-06T11:50:00Z,EXT-SENVION-01,13.98,2053.9,16.0,79.44,12.67,0
2024-01-06T12:00:00Z,EXT-SENVION-01,2.57,0.0,0.0,48.3,11.44,0
2024-01-06T12:10:00Z,EXT-SENVION-01,11.44,2050.0,14.9,81.3,13.48,0
2024-01-06T12:20:00Z,EXT-SENVION-01,4.95,219.2,6.49,53.54,11.18,0
2024-01-06T12:30:00Z,EXT-SENVION-01,10.04,1812.1,12.85,78.79,12.48,0
2024-01-06T12:40:00Z,EXT-SENVION-01,9.8,1702.6,12.49,75.42,9.91,0
2024-01-06T12:50:00Z,EXT-SENVION-01,6.8,543.9,8.81,61.58,11.07,0
2024-01-06T13:00:00Z,EXT-SENVION-01,6.3,430.9,7.9,57.04,9.47,0
2024-01-06T13:10:00Z,EXT-SENVION-01,9.27,1420.0,12.06,69.98,11.79,0
2024-01-06T13:20:00Z,EXT-SENVION-01,12.39,2060.6,16.0,79.01,10.0,0
2024-01-06T13:30:00Z,EXT-SENVION-01,7.52,738.1,10.04,59.01,9.16,0
2024-01-06T13:40:00Z,EXT-SENVION-01,6.53,467.2,8.48,56.16,8.8,0
2024-01-06T13:50:00Z,EXT-SENVION-01,7.17,688.9,9.25,58.58,7.83,0
2024-01-06T14:00:00Z,EXT-SENVION-01,7.51,748.3,9.7,59.18,8.71,0
2024-01-06T14:10:00Z,EXT-SENVION-01,5.53,302.5,7.05,53.38,7.59,0
2024-01-06T14:20:00Z,EXT-SENVION-01,2.89,0.0,0.0,49.5,7.92,0
2024-01-06T14:30:00Z,EXT-SENVION-01,10.01,1793.4,13.15,78.0,8.29,0
2024-01-06T14:40:00Z,EXT-SENVION-01,7.19,662.3,9.43,57.79,8.41,0
2024-01-06T14:50:00Z,EXT-SENVION-01,3.55,50.2,4.55,47.38,8.12,0
2024-01-06T15:00:00Z,EXT-SENVION-01,9.19,1407.8,11.78,69.44,8.73,0
2024-01-06T15:10:00Z,EXT-SENVION-01,9.29,1422.0,11.93,66.35,8.7,0
2024-01-06T15:20:00Z,EXT-SENVION-01,13.33,2022.9,16.0,76.89,7.85,0
2024-01-06T15:30:00Z,EXT-SENVION-01,12.13,2030.6,15.32,76.77,7.33,0
2024-01-06T15:40:00Z,EXT-SENVION-01,2.3,0.0,0.0,46.73,9.23,0
2024-01-06T15:50:00Z,EXT-SENVION-01,6.21,429.9,8.11,54.99,6.58,0
2024-01-06T16:00:00Z,EXT-SENVION-01,10.58,2050.0,13.49,78.41,5.31,0
2024-01-06T16:10:00Z,EXT-SENVION-01,5.08,234.7,6.74,52.45,6.93,0
2024-01-06T16:20:00Z,EXT-SENVION-01,13.64,2059.1,16.0,78.08,7.39,0
2024-01-06T16:30:00Z,EXT-SENVION-01,13.34,2053.3,16.0,76.69,5.78,0
2024-01-06T16:40:00Z,EXT-SENVION-01,3.89,82.2,5.25,47.57,5.32,0
2024-01-06T16:50:00Z,EXT-SENVION-01,9.06,1322.6,11.53,66.69,5.19,0
2024-01-06T17:00:00Z,EXT-SENVION-01,1.53,0.0,0.0,43.97,5.97,0
2024-01-06T17:10:00Z,EXT-SENVION-01,10.66,2050.0,13.91,78.55,6.44,0
2024-01-06T17:20:00Z,EXT-SENVION-01,1.88,0.0,0.0,46.52,6.14,0
2024-01-06T17:30:00Z,EXT-SENVION-01,8.95,1284.9,11.8,62.99,4.15,0
2024-01-06T17:40:00Z,EXT-SENVION-01,10.19,1924.2,13.21,75.77,5.69,0
2024-01-06T17:50:00Z,EXT-SENVION-01,10.41,1988.5,13.91,74.43,6.72,0
2024-01-06T18:00:00Z,EXT-SENVION-01,12.42,2058.0,16.0,77.48,5.62,0
2024-01-06T18:10:00Z,EXT-SENVION-01,8.32,1036.3,11.04,66.55,6.32,0
2024-01-06T18:20:00Z,EXT-SENVION-01,9.28,1401.3,12.2,71.79,6.07,0
2024-01-06T18:30:00Z,EXT-SENVION-01,10.4,2039.3,13.72,75.56,5.06,0
2024-01-06T18:40:00Z,EXT-SENVION-01,9.52,1540.1,12.05,69.61,5.99,0
2024-01-06T18:50:00Z,EXT-SENVION-01,11.95,2050.0,15.7,79.55,7.01,0
2024-01-06T19:00:00Z,EXT-SENVION-01,4.44,150.6,5.73,50.81,6.23,0
2024-01-06T19:10:00Z,EXT-SENVION-01,5.64,328.3,7.38,53.77,6.06,0
2024-01-06T19:20:00Z,EXT-SENVION-01,12.95,2047.9,16.0,77.49,4.97,0
2024-01-06T19:30:00Z,EXT-SENVION-01,6.71,537.8,8.64,54.43,5.67,0
2024-01-06T19:40:00Z,EXT-SENVION-01,9.32,1460.8,11.96,70.26,5.0,0
2024-01-06T19:50:00Z,EXT-SENVION-01,3.31,25.0,4.26,49.13,5.2,0
2024-01-06T20:00:00Z,EXT-SENVION-01,8.13,977.3,10.13,61.43,6.2,0
2024-01-06T20:10:00Z,EXT-SENVION-01,8.25,999.6,10.76,63.25,8.95,0
2024-01-06T20:20:00Z,EXT-SENVION-01,5.46,306.0,6.86,54.94,7.23,0
2024-01-06T20:30:00Z,EXT-SENVION-01,10.93,2050.0,14.05,81.09,6.62,0
2024-01-06T20:40:00Z,EXT-SENVION-01,11.11,2050.0,14.49,78.82,7.18,0
2024-01-06T20:50:00Z,EXT-SENVION-01,10.55,2050.0,13.7,79.92,7.3,0
2024-01-06T21:00:00Z,EXT-SENVION-01,6.08,425.8,7.97,55.81,8.26,0
2024-01-06T21:10:00Z,EXT-SENVION-01,6.84,539.0,8.87,57.89,8.16,0
2024-01-06T21:20:00Z,EXT-SENVION-01,7.25,697.3,9.8,63.6,8.71,0
2024-01-06T21:30:00Z,EXT-SENVION-01,6.66,520.0,8.53,55.0,7.62,0
2024-01-06T21:40:00Z,EXT-SENVION-01,3.21,60.5,3.83,51.19,9.42,0
2024-01-06T21:50:00Z,EXT-SENVION-01,5.95,374.5,7.89,57.67,8.57,0
2024-01-06T22:00:00Z,EXT-SENVION-01,2.47,0.0,0.0,49.41,8.01,0
2024-01-06T22:10:00Z,EXT-SENVION-01,7.32,731.7,9.35,59.01,8.83,0
2024-01-06T22:20:00Z,EXT-SENVION-01,1.32,0.0,0.0,48.9,9.0,0
2024-01-06T22:30:00Z,EXT-SENVION-01,1.23,0.0,0.0,49.66,8.75,0
2024-01-06T22:40:00Z,EXT-SENVION-01,5.38,296.9,7.02,54.19,9.24,0
2024-01-06T22:50:00Z,EXT-SENVION-01,9.3,1474.6,11.97,75.56,10.92,0
2024-01-06T23:00:00Z,EXT-SENVION-01,2.9,0.0,0.0,49.13,9.35,0
2024-01-06T23:10:00Z,EXT-SENVION-01,13.9,2041.9,16.0,79.42,10.42,0
2024-01-06T23:20:00Z,EXT-SENVION-01,8.55,1133.1,11.0,67.27,10.22,0
2024-01-06T23:30:00Z,EXT-SENVION-01,14.61,2056.5,16.0,81.24,11.96,0
2024-01-06T23:40:00Z,EXT-SENVION-01,4.97,234.7,6.41,54.22,13.25,0
2024-01-06T23:50:00Z,EXT-SENVION-01,15.43,2022.0,16.0,79.7,12.96,0
2024-01-07T00:00:00Z,EXT-SENVION-01,5.73,346.7,7.41,54.38,11.05,0
2024-01-07T00:10:00Z,EXT-SENVION-01,8.25,1016.5,10.98,67.88,10.67,0
2024-01-07T00:20:00Z,EXT-SENVION-01,11.45,2050.0,14.85,81.0,12.03,0
2024-01-07T00:30:00Z,EXT-SENVION-01,9.54,1564.8,12.41,76.44,14.2,0
2024-01-07T00:40:00Z,EXT-SENVION-01,5.02,211.0,6.77,55.79,11.79,0
2024-01-07T00:50:00Z,EXT-SENVION-01,6.25,432.2,8.43,56.68,13.08,0
2024-01-07T01:00:00Z,EXT-SENVION-01,1.99,0.0,0.0,55.34,15.4,0
2024-01-07T01:10:00Z,EXT-SENVION-01,9.35,1442.2,11.88,74.3,14.29,0
2024-01-07T01:20:00Z,EXT-SENVION-01,11.11,2050.0,14.62,83.71,13.98,0
2024-01-07T01:30:00Z,EXT-SENVION-01,11.25,2050.0,14.44,80.34,13.94,0
2024-01-07T01:40:00Z,EXT-SENVION-01,6.91,593.2,8.8,64.25,16.15,0
2024-01-07T01:50:00Z,EXT-SENVION-01,5.91,351.7,7.69,57.13,14.25,0
2024-01-07T02:00:00Z,EXT-SENVION-01,10.87,2050.0,14.15,84.79,16.25,0
2024-01-07T02:10:00Z,EXT-SENVION-01,5.93,376.2,7.81,58.51,15.86,0
2024-01-07T02:20:00Z,EXT-SENVION-01,7.77,832.2,9.89,67.05,13.98,0
2024-01-07T02:30:00Z,EXT-SENVION-01,5.83,359.7,7.6,56.47,14.69,0
2024-01-07T02:40:00Z,EXT-SENVION-01,6.12,400.1,8.24,58.44,14.92,0
2024-01-07T02:50:00Z,EXT-SENVION-01,5.34,282.7,6.95,55.4,15.7,0
2024-01-07T03:00:00Z,EXT-SENVION-01,8.38,1041.0,10.94,68.49,16.04,0
2024-01-07T03:10:00Z,EXT-SENVION-01,9.81,1685.2,12.64,81.41,15.87,0
2024-01-07T03:20:00Z,EXT-SENVION-01,6.35,438.0,8.36,58.33,15.5,0
2024-01-07T03:30:00Z,EXT-SENVION-01,1.0,0.0,0.0,51.53,17.09,0
2024-01-07T03:40:00Z,EXT-SENVION-01,6.28,455.1,7.78,61.07,17.3,0
2024-01-07T03:50:00Z,EXT-SENVION-01,6.49,525.0,8.2,62.39,16.35,0
2024-01-07T04:00:00Z,EXT-SENVION-01,8.01,916.4,10.35,69.28,17.39,0
2024-01-07T04:10:00Z,EXT-SENVION-01,6.6,522.3,8.79,60.73,16.59,0
2024-01-07T04:20:00Z,EXT-SENVION-01,7.8,848.7,10.22,63.98,18.11,0
2024-01-07T04:30:00Z,EXT-SENVION-01,5.78,339.8,7.5,60.0,18.03,0
2024-01-07T04:40:00Z,EXT-SENVION-01,8.58,1119.0,11.19,69.96,17.58,0
2024-01-07T04:50:00Z,EXT-SENVION-01,4.91,236.1,6.24,58.49,17.24,0
2024-01-07T05:00:00Z,EXT-SENVION-01,11.85,2050.0,15.55,83.26,18.14,0
2024-01-07T05:10:00Z,EXT-SENVION-01,8.3,1051.0,10.84,69.68,18.01,0
2024-01-07T05:20:00Z,EXT-SENVION-01,4.34,106.8,5.42,53.67,16.65,0
2024-01-07T05:30:00Z,EXT-SENVION-01,5.93,380.2,8.13,58.97,16.2,0
2024-01-07T05:40:00Z,EXT-SENVION-01,3.25,46.8,4.24,55.52,18.71,0
2024-01-07T05:50:00Z,EXT-SENVION-01,8.54,1107.8,11.35,70.89,18.86,0
2024-01-07T06:00:00Z,EXT-SENVION-01,10.73,2050.0,14.03,84.15,17.66,0
2024-01-07T06:10:00Z,EXT-SENVION-01,14.11,2035.2,16.0,87.17,18.41,0
2024-01-07T06:20:00Z,EXT-SENVION-01,6.13,414.9,7.86,58.52,18.12,0
2024-01-07T06:30:00Z,EXT-SENVION-01,9.5,1528.2,12.48,74.55,17.68,0
2024-01-07T06:40:00Z,EXT-SENVION-01,3.45,74.4,4.77,54.83,17.48,0
2024-01-07T06:50:00Z,EXT-SENVION-01,6.76,538.3,8.76,62.82,17.86,0
2024-01-07T07:00:00Z,EXT-SENVION-01,3.62,79.0,4.71,53.67,19.58,0
2024-01-07T07:10:00Z,EXT-SENVION-01,9.01,1346.3,11.85,72.93,17.73,0
2024-01-07T07:20:00Z,EXT-SENVION-01,6.35,445.5,8.19,60.1,17.9,0
2024-01-07T07:30:00Z,EXT-SENVION-01,6.02,435.7,7.54,59.35,17.57,0
2024-01-07T07:40:00Z,EXT-SENVION-01,1.07,0.0,0.0,55.13,18.89,0
2024-01-07T07:50:00Z,EXT-SENVION-01,14.23,2032.2,16.0,84.15,15.42,0
2024-01-07T08:00:00Z,EXT-SENVION-01,3.82,99.6,5.0,59.63,16.94,0
2024-01-07T08:10:00Z,EXT-SENVION-01,9.85,1714.4,12.84,81.24,18.07,0
2024-01-07T08:20:00Z,EXT-SENVION-01,3.89,85.5,4.78,56.42,15.52,0
2024-01-07T08:30:00Z,EXT-SENVION-01,9.34,1492.0,12.22,73.05,15.66,0
2024-01-07T08:40:00Z,EXT-SENVION-01,7.95,911.2,10.31,65.31,15.89,0
2024-01-07T08:50:00Z,EXT-SENVION-01,1.46,0.0,0.0,53.26,16.08,0
2024-01-07T09:00:00Z,EXT-SENVION-01,9.31,1467.0,12.27,74.81,16.58,0
2024-01-07T09:10:00Z,EXT-SENVION-01,9.5,1546.4,12.24,76.57,17.63,0
2024-01-07T09:20:00Z,EXT-SENVION-01,1.77,0.0,0.0,51.8,15.48,0
2024-01-07T09:30:00Z,EXT-SENVION-01,8.46,1083.3,10.92,67.57,16.68,0
2024-01-07T09:40:00Z,EXT-SENVION-01,12.82,2039.5,16.0,83.91,15.98,0
2024-01-07T09:50:00Z,EXT-SENVION-01,7.69,808.8,9.76,64.11,16.38,0
2024-01-07T10:00:00Z,EXT-SENVION-01,5.04,243.6,6.32,55.37,13.45,0
2024-01-07T10:10:00Z,EXT-SENVION-01,11.64,2050.0,15.06,81.73,14.13,0
2024-01-07T10:20:00Z,EXT-SENVION-01,4.73,229.8,5.99,57.2,16.31,0
2024-01-07T10:30:00Z,EXT-SENVION-01,8.25,990.6,10.73,67.42,14.12,0
2024-01-07T10:40:00Z,EXT-SENVION-01,3.78,73.6,5.07,51.83,14.89,0
2024-01-07T10:50:00Z,EXT-SENVION-01,3.76,96.8,5.03,52.48,14.4,0
2024-01-07T11:00:00Z,EXT-SENVION-01,10.78,2050.0,13.89,79.78,13.02,0
2024-01-07T11:10:00Z,EXT-SENVION-01,5.86,371.6,7.19,58.37,12.78,0
2024-01-07T11:20:00Z,EXT-SENVION-01,3.11,66.4,3.7,51.1,14.06,0
2024-01-07T11:30:00Z,EXT-SENVION-01,5.55,322.4,7.17,59.15,13.14,0
2024-01-07T11:40:00Z,EXT-SENVION-01,8.28,1016.5,10.76,66.94,13.53,0
2024-01-07T11:50:00Z,EXT-SENVION-01,5.73,342.4,7.87,56.7,11.33,0
2024-01-07T12:00:00Z,EXT-SENVION-01,4.96,191.4,6.31,51.56,13.04,0
2024-01-07T12:10:00Z,EXT-SENVION-01,1.34,0.0,0.0,52.84,12.99,0
2024-01-07T12:20:00Z,EXT-SENVION-01,8.03,936.1,9.91,66.71,11.81,0
2024-01-07T12:30:00Z,EXT-SENVION-01,15.85,2061.9,16.0,82.09,10.98,0
2024-01-07T12:40:00Z,EXT-SENVION-01,8.8,1231.9,11.33,69.44,9.75,0
2024-01-07T12:50:00Z,EXT-SENVION-01,4.87,213.5,6.54,54.48,11.03,0
2024-01-07T13:00:00Z,EXT-SENVION-01,4.93,218.2,6.16,50.99,11.33,0
2024-01-07T13:10:00Z,EXT-SENVION-01,8.08,936.7,10.1,62.6,9.44,0
2024-01-07T13:20:00Z,EXT-SENVION-01,2.62,0.0,0.0,49.81,10.52,0
2024-01-07T13:30:00Z,EXT-SENVION-01,9.05,1328.1,11.43,68.16,8.64,0
2024-01-07T13:40:00Z,EXT-SENVION-01,8.62,1122.5,10.88,67.81,9.94,0
2024-01-07T13:50:00Z,EXT-SENVION-01,7.12,627.7,8.9,59.4,9.8,0
2024-01-07T14:00:00Z,EXT-SENVION-01,3.09,48.5,3.61,50.61,8.62,0
2024-01-07T14:10:00Z,EXT-SENVION-01,11.63,2050.0,14.86,78.85,9.69,0
2024-01-07T14:20:00Z,EXT-SENVION-01,6.2,465.7,8.09,57.55,8.9,0
2024-01-07T14:30:00Z,EXT-SENVION-01,4.7,199.3,6.13,53.65,8.13,0
2024-01-07T14:40:00Z,EXT-SENVION-01,6.69,551.8,8.51,54.58,7.54,0
2024-01-07T14:50:00Z,EXT-SENVION-01,13.67,2043.3,16.0,80.57,10.26,0
2024-01-07T15:00:00Z,EXT-SENVION-01,3.37,49.5,4.57,46.86,8.51,0
2024-01-07T15:10:00Z,EXT-SENVION-01,5.46,301.9,7.18,53.75,6.93,0
2024-01-07T15:20:00Z,EXT-SENVION-01,3.86,93.2,4.8,48.85,6.81,0
2024-01-07T15:30:00Z,EXT-SENVION-01,2.59,0.0,0.0,46.98,5.49,0
2024-01-07T15:40:00Z,EXT-SENVION-01,10.39,2003.6,13.04,76.6,6.89,0
2024-01-07T15:50:00Z,EXT-SENVION-01,7.09,605.8,9.51,59.41,7.55,0
2024-01-07T16:00:00Z,EXT-SENVION-01,11.49,2050.0,14.57,79.18,5.11,0
2024-01-07T16:10:00Z,EXT-SENVION-01,7.53,743.0,9.66,61.04,6.42,0
2024-01-07T16:20:00Z,EXT-SENVION-01,7.74,835.8,10.14,60.11,6.46,0
2024-01-07T16:30:00Z,EXT-SENVION-01,2.54,0.0,0.0,50.01,6.12,0
2024-01-07T16:40:00Z,EXT-SENVION-01,3.03,59.6,3.75,48.29,5.82,0
2024-01-07T16:50:00Z,EXT-SENVION-01,6.19,435.9,8.13,56.39,4.89,0
2024-01-07T17:00:00Z,EXT-SENVION-01,3.35,49.7,4.57,50.62,5.66,0
2024-01-07T17:10:00Z,EXT-SENVION-01,9.25,1428.1,11.59,69.53,4.75,0
2024-01-07T17:20:00Z,EXT-SENVION-01,9.66,1600.2,12.83,71.18,6.72,0
2024-01-07T17:30:00Z,EXT-SENVION-01,5.43,309.1,6.93,55.14,5.95,0
2024-01-07T17:40:00Z,EXT-SENVION-01,11.83,2050.0,15.64,80.91,6.34,0
2024-01-07T17:50:00Z,EXT-SENVION-01,6.8,545.8,9.01,55.18,6.4,0
2024-01-07T18:00:00Z,EXT-SENVION-01,2.5,0.0,0.0,49.44,6.05,0
2024-01-07T18:10:00Z,EXT-SENVION-01,11.32,2050.0,14.87,78.56,6.89,0
2024-01-07T18:20:00Z,EXT-SENVION-01,2.53,0.0,0.0,46.14,4.41,0
2024-01-07T18:30:00Z,EXT-SENVION-01,7.35,693.5,9.36,57.79,7.04,0
2024-01-07T18:40:00Z,EXT-SENVION-01,10.2,1891.3,13.66,77.27,6.5,0
2024-01-07T18:50:00Z,EXT-SENVION-01,8.97,1314.0,11.87,69.36,6.89,0
2024-01-07T19:00:00Z,EXT-SENVION-01,3.15,56.8,4.02,52.32,7.65,0
2024-01-07T19:10:00Z,EXT-SENVION-01,7.33,685.8,9.4,58.97,5.89,0
2024-01-07T19:20:00Z,EXT-SENVION-01,7.19,636.8,9.53,56.16,6.55,0
2024-01-07T19:30:00Z,EXT-SENVION-01,20.06,2037.0,16.0,79.53,7.07,0
2024-01-07T19:40:00Z,EXT-SENVION-01,8.55,1145.9,10.81,67.33,6.41,0
2024-01-07T19:50:00Z,EXT-SENVION-01,11.23,2050.0,14.27,81.68,6.64,0
2024-01-07T20:00:00Z,EXT-SENVION-01,8.4,1098.5,11.11,63.74,6.4,0
2024-01-07T20:10:00Z,EXT-SENVION-01,1.9,0.0,0.0,48.92,6.31,0
2024-01-07T20:20:00Z,EXT-SENVION-01,4.53,164.4,6.01,51.32,6.03,0
2024-01-07T20:30:00Z,EXT-SENVION-01,8.96,1273.4,11.91,69.41,7.84,0
2024-01-07T20:40:00Z,EXT-SENVION-01,5.18,266.0,6.57,52.93,8.4,0
2024-01-07T20:50:00Z,EXT-SENVION-01,10.57,2050.0,14.05,78.93,5.58,0
2024-01-07T21:00:00Z,EXT-SENVION-01,4.87,202.1,6.42,51.15,5.25,0
2024-01-07T21:10:00Z,EXT-SENVION-01,2.54,0.0,0.0,50.15,8.23,0
2024-01-07T21:20:00Z,EXT-SENVION-01,5.32,300.0,6.98,53.98,10.75,0
2024-01-07T21:30:00Z,EXT-SENVION-01,5.73,331.9,7.53,51.46,7.76,0
2024-01-07T21:40:00Z,EXT-SENVION-01,22.87,2022.3,16.0,80.44,10.47,0
2024-01-07T21:50:00Z,EXT-SENVION-01,2.61,0.0,0.0,46.65,8.85,0
2024-01-07T22:00:00Z,EXT-SENVION-01,9.89,1717.4,13.0,75.95,10.19,0
2024-01-07T22:10:00Z,EXT-SENVION-01,5.6,306.0,7.05,55.57,10.07,0
2024-01-07T22:20:00Z,EXT-SENVION-01,6.14,381.5,8.55,54.47,10.4,0
2024-01-07T22:30:00Z,EXT-SENVION-01,10.66,2050.0,13.67,79.35,9.34,0
2024-01-07T22:40:00Z,EXT-SENVION-01,7.56,788.5,10.21,64.01,11.5,0
2024-01-07T22:50:00Z,EXT-SENVION-01,9.07,1327.6,12.12,68.35,10.41,0
2024-01-07T23:00:00Z,EXT-SENVION-01,7.89,884.3,10.41,63.92,10.64,0
2024-01-07T23:10:00Z,EXT-SENVION-01,5.29,258.9,6.51,54.67,9.26,0
2024-01-07T23:20:00Z,EXT-SENVION-01,1.05,0.0,0.0,51.2,12.33,0
2024-01-07T23:30:00Z,EXT-SENVION-01,12.68,2051.0,16.0,83.2,12.53,0
2024-01-07T23:40:00Z,EXT-SENVION-01,6.81,567.4,8.89,59.43,9.85,0
2024-01-07T23:50:00Z,EXT-SENVION-01,10.43,2018.5,13.47,83.86,12.86,0
2024-01-08T00:00:00Z,EXT-SENVION-01,9.33,1453.1,11.76,72.67,13.49,0
2024-01-08T00:10:00Z,EXT-SENVION-01,3.3,89.9,4.28,52.61,10.82,0
2024-01-08T00:20:00Z,EXT-SENVION-01,5.21,207.0,6.67,54.31,11.95,0
2024-01-08T00:30:00Z,EXT-SENVION-01,15.33,2054.9,16.0,82.48,13.01,0
2024-01-08T00:40:00Z,EXT-SENVION-01,8.62,1150.5,11.1,67.01,11.08,0
2024-01-08T00:50:00Z,EXT-SENVION-01,7.77,846.9,10.16,67.73,14.71,0
2024-01-08T01:00:00Z,EXT-SENVION-01,13.23,2051.4,16.0,80.7,14.84,0
2024-01-08T01:10:00Z,EXT-SENVION-01,6.6,548.3,8.48,60.66,14.36,0
2024-01-08T01:20:00Z,EXT-SENVION-01,6.19,444.7,7.87,58.09,12.59,0
2024-01-08T01:30:00Z,EXT-SENVION-01,10.33,1964.7,13.26,80.14,15.35,0
2024-01-08T01:40:00Z,EXT-SENVION-01,9.91,1728.8,12.9,79.54,15.64,0
2024-01-08T01:50:00Z,EXT-SENVION-01,6.51,498.5,8.59,60.76,14.1,0
2024-01-08T02:00:00Z,EXT-SENVION-01,11.7,2050.0,15.39,87.69,16.72,0
2024-01-08T02:10:00Z,EXT-SENVION-01,10.28,1910.4,13.22,82.78,14.8,0
2024-01-08T02:20:00Z,EXT-SENVION-01,8.71,1180.3,11.59,70.22,13.9,0
2024-01-08T02:30:00Z,EXT-SENVION-01,14.94,2053.7,16.0,85.74,17.68,0
2024-01-08T02:40:00Z,EXT-SENVION-01,6.7,549.6,8.68,60.86,14.8,0
2024-01-08T02:50:00Z,EXT-SENVION-01,3.98,88.5,5.24,54.4,15.42,0
2024-01-08T03:00:00Z,EXT-SENVION-01,11.19,2050.0,14.72,85.01,13.92,0
2024-01-08T03:10:00Z,EXT-SENVION-01,3.9,98.6,4.87,56.88,17.07,0
2024-01-08T03:20:00Z,EXT-SENVION-01,6.46,484.1,8.16,61.15,15.18,0
2024-01-08T03:30:00Z,EXT-SENVION-01,12.44,2051.1,16.0,86.61,18.74,0
2024-01-08T03:40:00Z,EXT-SENVION-01,8.05,919.6,10.23,69.13,17.32,0
2024-01-08T03:50:00Z,EXT-SENVION-01,5.48,267.9,7.15,57.33,18.28,0
2024-01-08T04:00:00Z,EXT-SENVION-01,1.13,0.0,0.0,58.88,17.52,0
2024-01-08T04:10:00Z,EXT-SENVION-01,7.34,689.7,9.6,68.91,19.56,0
2024-01-08T04:20:00Z,EXT-SENVION-01,8.11,944.0,10.47,67.51,17.89,0
2024-01-08T04:30:00Z,EXT-SENVION-01,5.68,322.4,7.11,60.34,19.61,0
2024-01-08T04:40:00Z,EXT-SENVION-01,3.55,111.6,4.46,59.71,18.1,0
2024-01-08T04:50:00Z,EXT-SENVION-01,5.92,376.1,7.6,59.43,17.11,0
2024-01-08T05:00:00Z,EXT-SENVION-01,13.51,2031.1,16.0,84.28,19.94,0
2024-01-08T05:10:00Z,EXT-SENVION-01,2.85,0.0,0.0,56.88,18.62,0
2024-01-08T05:20:00Z,EXT-SENVION-01,7.85,855.8,10.18,67.52,16.76,0
2024-01-08T05:30:00Z,EXT-SENVION-01,19.54,2032.5,16.0,86.79,17.93,0
2024-01-08T05:40:00Z,EXT-SENVION-01,5.2,275.9,6.84,57.09,17.15,0
2024-01-08T05:50:00Z,EXT-SENVION-01,5.89,361.9,7.65,62.19,17.93,0
2024-01-08T06:00:00Z,EXT-SENVION-01,5.07,254.7,6.68,61.25,18.09,0
2024-01-08T06:10:00Z,EXT-SENVION-01,8.7,1178.9,11.31,74.21,17.75,0
2024-01-08T06:20:00Z,EXT-SENVION-01,10.09,1834.7,12.95,83.05,19.82,0
2024-01-08T06:30:00Z,EXT-SENVION-01,17.9,2051.6,16.0,86.36,18.9,0
2024-01-08T06:40:00Z,EXT-SENVION-01,5.05,247.4,6.68,60.27,17.68,0
2024-01-08T06:50:00Z,EXT-SENVION-01,4.5,142.2,5.82,57.96,15.08,0
2024-01-08T07:00:00Z,EXT-SENVION-01,8.34,1018.8,10.83,67.69,16.39,0
2024-01-08T07:10:00Z,EXT-SENVION-01,3.09,48.4,4.28,57.23,17.91,0
2024-01-08T07:20:00Z,EXT-SENVION-01,7.7,861.9,9.87,68.04,18.39,0
2024-01-08T07:30:00Z,EXT-SENVION-01,6.74,561.1,8.6,65.18,18.03,0
2024-01-08T07:40:00Z,EXT-SENVION-01,10.72,2050.0,14.37,89.88,17.29,0
2024-01-08T07:50:00Z,EXT-SENVION-01,11.18,2050.0,14.51,89.68,17.64,0
2024-01-08T08:00:00Z,EXT-SENVION-01,8.79,1235.4,11.33,76.29,15.84,0
2024-01-08T08:10:00Z,EXT-SENVION-01,20.1,2061.5,16.0,88.05,17.46,0
2024-01-08T08:20:00Z,EXT-SENVION-01,9.27,1414.7,12.07,77.48,16.93,0
2024-01-08T08:30:00Z,EXT-SENVION-01,8.77,1251.2,11.19,72.1,16.74,0
2024-01-08T08:40:00Z,EXT-SENVION-01,4.02,127.7,5.36,58.66,16.51,0
2024-01-08T08:50:00Z,EXT-SENVION-01,17.65,2076.2,16.0,86.68,16.01,0
2024-01-08T09:00:00Z,EXT-SENVION-01,2.52,0.0,0.0,57.11,16.63,0
2024-01-08T09:10:00Z,EXT-SENVION-01,4.82,163.4,6.45,57.76,16.42,0
2024-01-08T09:20:00Z,EXT-SENVION-01,8.12,913.0,10.46,70.08,15.83,0
2024-01-08T09:30:00Z,EXT-SENVION-01,1.01,0.0,0.0,55.46,17.02,0
2024-01-08T09:40:00Z,EXT-SENVION-01,3.95,124.0,5.23,60.13,16.51,0
2024-01-08T09:50:00Z,EXT-SENVION-01,6.65,494.8,8.81,61.34,13.13,0
2024-01-08T10:00:00Z,EXT-SENVION-01,15.54,2055.7,16.0,89.62,15.93,0
2024-01-08T10:10:00Z,EXT-SENVION-01,14.15,2056.0,16.0,86.09,15.32,0
2024-01-08T10:20:00Z,EXT-SENVION-01,6.83,578.2,8.72,64.6,13.81,0
2024-01-08T10:30:00Z,EXT-SENVION-01,12.82,2058.1,16.0,87.02,14.33,0
2024-01-08T10:40:00Z,EXT-SENVION-01,8.58,1139.3,11.25,73.63,15.61,0
2024-01-08T10:50:00Z,EXT-SENVION-01,11.15,2050.0,14.51,87.73,13.7,0
2024-01-08T11:00:00Z,EXT-SENVION-01,11.16,2050.0,14.39,85.53,13.01,0
2024-01-08T11:10:00Z,EXT-SENVION-01,9.11,1369.6,11.69,77.38,12.6,0
2024-01-08T11:20:00Z,EXT-SENVION-01,3.14,76.9,3.77,57.04,12.5,0
2024-01-08T11:30:00Z,EXT-SENVION-01,9.08,1320.5,11.73,73.84,11.02,0
2024-01-08T11:40:00Z,EXT-SENVION-01,5.88,344.0,7.51,57.21,10.78,0
2024-01-08T11:50:00Z,EXT-SENVION-01,13.04,2056.4,16.0,84.98,13.27,0
2024-01-08T12:00:00Z,EXT-SENVION-01,7.32,705.8,9.57,69.28,12.36,0
2024-01-08T12:10:00Z,EXT-SENVION-01,9.63,1569.4,12.51,78.97,10.51,0
2024-01-08T12:20:00Z,EXT-SENVION-01,13.03,2052.2,16.0,85.51,11.97,0
2024-01-08T12:30:00Z,EXT-SENVION-01,5.49,301.6,7.02,60.64,11.52,0
2024-01-08T12:40:00Z,EXT-SENVION-01,7.06,598.9,9.36,67.25,11.39,0
2024-01-08T12:50:00Z,EXT-SENVION-01,3.45,86.1,4.53,55.97,10.21,0
2024-01-08T13:00:00Z,EXT-SENVION-01,3.66,122.1,4.84,56.64,9.7,0
2024-01-08T13:10:00Z,EXT-SENVION-01,13.61,2043.4,16.0,85.1,11.55,0
2024-01-08T13:20:00Z,EXT-SENVION-01,4.47,182.6,5.75,57.51,10.41,0
2024-01-08T13:30:00Z,EXT-SENVION-01,6.04,396.8,7.68,61.42,10.34,0
2024-01-08T13:40:00Z,EXT-SENVION-01,2.98,0.0,0.0,53.87,9.47,0
2024-01-08T13:50:00Z,EXT-SENVION-01,8.54,1076.2,11.04,72.09,7.94,0
2024-01-08T14:00:00Z,EXT-SENVION-01,1.9,0.0,0.0,55.96,10.17,0
2024-01-08T14:10:00Z,EXT-SENVION-01,7.13,649.0,9.17,67.32,8.27,0
2024-01-08T14:20:00Z,EXT-SENVION-01,10.1,1870.2,13.05,83.69,8.35,0
2024-01-08T14:30:00Z,EXT-SENVION-01,10.56,2050.0,13.67,85.23,9.36,0
2024-01-08T14:40:00Z,EXT-SENVION-01,7.44,747.4,9.45,65.27,8.66,0
2024-01-08T14:50:00Z,EXT-SENVION-01,12.32,2043.9,15.91,84.67,7.12,0
2024-01-08T15:00:00Z,EXT-SENVION-01,4.52,193.5,5.94,56.99,7.27,0
2024-01-08T15:10:00Z,EXT-SENVION-01,17.02,2034.0,16.0,82.48,6.68,0
2024-01-08T15:20:00Z,EXT-SENVION-01,1.51,0.0,0.0,54.79,7.16,0
2024-01-08T15:30:00Z,EXT-SENVION-01,11.49,2050.0,14.61,85.06,8.25,0
2024-01-08T15:40:00Z,EXT-SENVION-01,1.37,0.0,0.0,54.57,6.09,0
2024-01-08T15:50:00Z,EXT-SENVION-01,8.81,1195.9,11.26,69.73,7.01,0
2024-01-08T16:00:00Z,EXT-SENVION-01,0.69,0.0,0.0,52.9,7.07,0
2024-01-08T16:10:00Z,EXT-SENVION-01,4.51,168.5,5.51,54.26,5.96,0
2024-01-08T16:20:00Z,EXT-SENVION-01,2.56,0.0,0.0,53.45,5.74,0
2024-01-08T16:30:00Z,EXT-SENVION-01,11.89,2050.0,15.49,85.47,5.69,0
2024-01-08T16:40:00Z,EXT-SENVION-01,7.61,768.2,10.16,64.1,5.72,0
2024-01-08T16:50:00Z,EXT-SENVION-01,7.39,732.2,9.9,64.8,6.2,0
2024-01-08T17:00:00Z,EXT-SENVION-01,8.62,1138.8,11.57,66.66,4.32,0
2024-01-08T17:10:00Z,EXT-SENVION-01,9.94,1740.9,12.89,81.32,5.46,0
2024-01-08T17:20:00Z,EXT-SENVION-01,8.53,1141.8,10.83,69.34,4.32,0
2024-01-08T17:30:00Z,EXT-SENVION-01,7.51,755.8,9.88,64.95,8.26,0
2024-01-08T17:40:00Z,EXT-SENVION-01,10.76,2050.0,14.14,81.28,6.04,0
2024-01-08T17:50:00Z,EXT-SENVION-01,9.81,1697.3,12.87,80.52,6.11,0
2024-01-08T18:00:00Z,EXT-SENVION-01,5.78,336.1,7.64,57.84,5.18,0
2024-01-08T18:10:00Z,EXT-SENVION-01,8.48,1094.6,11.13,72.27,5.75,0
2024-01-08T18:20:00Z,EXT-SENVION-01,11.81,2050.0,15.94,86.66,6.02,0
2024-01-08T18:30:00Z,EXT-SENVION-01,5.07,239.7,6.59,60.28,6.12,0
2024-01-08T18:40:00Z,EXT-SENVION-01,7.11,670.2,8.94,65.05,5.22,0
2024-01-08T18:50:00Z,EXT-SENVION-01,12.56,2090.5,16.0,86.08,6.74,0
2024-01-08T19:00:00Z,EXT-SENVION-01,12.14,2048.3,16.0,84.35,6.78,0
2024-01-08T19:10:00Z,EXT-SENVION-01,9.67,1608.8,12.64,79.67,5.54,0
2024-01-08T19:20:00Z,EXT-SENVION-01,4.48,196.7,5.84,56.77,6.59,0
2024-01-08T19:30:00Z,EXT-SENVION-01,9.11,1360.3,11.68,76.89,4.97,0
2024-01-08T19:40:00Z,EXT-SENVION-01,9.19,1391.0,11.96,76.16,5.42,0
2024-01-08T19:50:00Z,EXT-SENVION-01,8.93,1289.5,11.41,75.14,6.82,0
2024-01-08T20:00:00Z,EXT-SENVION-01,16.51,2050.9,16.0,88.07,7.86,0
2024-01-08T20:10:00Z,EXT-SENVION-01,10.65,2050.0,13.85,88.82,7.7,0
2024-01-08T20:20:00Z,EXT-SENVION-01,14.56,2074.8,16.0,85.2,6.67,0
2024-01-08T20:30:00Z,EXT-SENVION-01,13.16,2054.5,16.0,92.14,9.03,0
2024-01-08T20:40:00Z,EXT-SENVION-01,21.31,2034.6,16.0,87.45,7.38,0
2024-01-08T20:50:00Z,EXT-SENVION-01,4.1,134.8,5.23,55.81,6.56,0
2024-01-08T21:00:00Z,EXT-SENVION-01,9.76,1657.3,13.0,80.53,8.27,0
2024-01-08T21:10:00Z,EXT-SENVION-01,8.66,1160.0,11.07,74.98,7.15,0
2024-01-08T21:20:00Z,EXT-SENVION-01,9.2,1387.1,12.16,77.22,8.31,0
2024-01-08T21:30:00Z,EXT-SENVION-01,11.6,2050.0,14.98,88.17,9.91,0
2024-01-08T21:40:00Z,EXT-SENVION-01,2.92,0.0,0.0,57.12,9.87,0
2024-01-08T21:50:00Z,EXT-SENVION-01,7.96,887.5,10.44,68.84,8.72,0
2024-01-08T22:00:00Z,EXT-SENVION-01,5.77,362.0,7.54,65.09,9.52,0
2024-01-08T22:10:00Z,EXT-SENVION-01,1.54,0.0,0.0,56.42,9.39,0
2024-01-08T22:20:00Z,EXT-SENVION-01,13.92,2062.1,16.0,86.71,6.33,0
2024-01-08T22:30:00Z,EXT-SENVION-01,1.44,0.0,0.0,58.59,11.69,0
2024-01-08T22:40:00Z,EXT-SENVION-01,5.84,388.4,7.45,63.6,9.32,0
2024-01-08T22:50:00Z,EXT-SENVION-01,8.44,1112.3,10.94,72.35,8.89,0
2024-01-08T23:00:00Z,EXT-SENVION-01,11.97,2050.0,15.81,90.31,10.89,0
2024-01-08T23:10:00Z,EXT-SENVION-01,6.56,496.5,8.91,65.69,11.02,0
2024-01-08T23:20:00Z,EXT-SENVION-01,12.41,2051.1,16.0,91.23,12.01,0
2024-01-08T23:30:00Z,EXT-SENVION-01,1.5,0.0,0.0,54.74,9.3,0
2024-01-08T23:40:00Z,EXT-SENVION-01,10.61,2050.0,14.01,89.24,11.12,0
2024-01-08T23:50:00Z,EXT-SENVION-01,5.2,231.1,6.68,62.87,12.57,0
2024-01-09T00:00:00Z,EXT-SENVION-01,6.59,503.1,8.3,64.42,11.44,0
2024-01-09T00:10:00Z,EXT-SENVION-01,10.46,2050.0,13.73,90.01,14.58,0
2024-01-09T00:20:00Z,EXT-SENVION-01,6.89,593.6,8.96,70.24,13.07,0
2024-01-09T00:30:00Z,EXT-SENVION-01,6.06,430.0,7.87,66.09,14.52,0
2024-01-09T00:40:00Z,EXT-SENVION-01,3.37,89.0,4.48,64.43,13.82,0
2024-01-09T00:50:00Z,EXT-SENVION-01,8.45,1032.8,10.84,74.59,11.77,0
2024-01-09T01:00:00Z,EXT-SENVION-01,1.8,0.0,0.0,60.54,14.28,0
2024-01-09T01:10:00Z,EXT-SENVION-01,6.59,501.5,8.21,70.83,11.79,0
2024-01-09T01:20:00Z,EXT-SENVION-01,6.67,529.8,8.89,68.29,13.66,0
2024-01-09T01:30:00Z,EXT-SENVION-01,3.89,108.6,5.04,64.11,14.63,0
2024-01-09T01:40:00Z,EXT-SENVION-01,15.34,2052.4,16.0,88.87,15.03,0
2024-01-09T01:50:00Z,EXT-SENVION-01,6.61,510.2,8.92,68.08,15.29,0
2024-01-09T02:00:00Z,EXT-SENVION-01,10.67,2050.0,13.57,92.92,15.11,0
2024-01-09T02:10:00Z,EXT-SENVION-01,3.54,31.9,4.45,65.47,15.91,0
2024-01-09T02:20:00Z,EXT-SENVION-01,4.71,207.7,5.91,63.26,14.46,0
2024-01-09T02:30:00Z,EXT-SENVION-01,5.08,218.4,6.59,64.57,17.35,0
2024-01-09T02:40:00Z,EXT-SENVION-01,6.93,585.5,8.99,73.04,17.15,0
2024-01-09T02:50:00Z,EXT-SENVION-01,0.8,0.0,0.0,63.18,17.31,0
2024-01-09T03:00:00Z,EXT-SENVION-01,5.07,231.6,6.3,66.88,16.74,0
2024-01-09T03:10:00Z,EXT-SENVION-01,5.64,309.9,6.86,68.68,17.88,0
2024-01-09T03:20:00Z,EXT-SENVION-01,10.39,2017.0,13.8,94.09,17.67,0
2024-01-09T03:30:00Z,EXT-SENVION-01,9.0,1312.7,11.86,81.97,16.49,0
2024-01-09T03:40:00Z,EXT-SENVION-01,7.77,825.1,10.55,75.07,15.49,0
2024-01-09T03:50:00Z,EXT-SENVION-01,6.84,591.0,8.73,69.87,15.92,0
2024-01-09T04:00:00Z,EXT-SENVION-01,9.5,1547.3,12.01,89.48,17.43,0
2024-01-09T04:10:00Z,EXT-SENVION-01,3.06,62.7,4.0,63.34,15.9,0
2024-01-09T04:20:00Z,EXT-SENVION-01,7.84,857.8,9.93,77.14,16.85,0
2024-01-09T04:30:00Z,EXT-SENVION-01,2.47,0.0,0.0,59.58,15.64,0
2024-01-09T04:40:00Z,EXT-SENVION-01,3.47,41.0,4.45,61.16,16.92,0
2024-01-09T04:50:00Z,EXT-SENVION-01,5.01,201.2,6.44,65.94,17.85,0
2024-01-09T05:00:00Z,EXT-SENVION-01,15.39,2056.7,16.0,94.93,16.99,0
2024-01-09T05:10:00Z,EXT-SENVION-01,6.59,534.8,8.59,71.35,17.16,0
2024-01-09T05:20:00Z,EXT-SENVION-01,8.11,952.0,10.67,77.7,17.17,0
2024-01-09T05:30:00Z,EXT-SENVION-01,7.58,798.4,9.69,75.21,16.57,0
2024-01-09T05:40:00Z,EXT-SENVION-01,5.52,309.4,7.06,69.15,18.31,0
2024-01-09T05:50:00Z,EXT-SENVION-01,9.8,1706.1,12.87,89.74,18.89,0
2024-01-09T06:00:00Z,EXT-SENVION-01,3.25,44.9,4.05,67.19,17.91,0
2024-01-09T06:10:00Z,EXT-SENVION-01,11.14,2050.0,14.27,96.2,17.93,0
2024-01-09T06:20:00Z,EXT-SENVION-01,9.06,1340.9,11.99,84.94,18.2,0
2024-01-09T06:30:00Z,EXT-SENVION-01,8.54,1092.1,11.18,80.77,18.64,0
2024-01-09T06:40:00Z,EXT-SENVION-01,4.61,182.2,6.17,65.89,17.25,0
2024-01-09T06:50:00Z,EXT-SENVION-01,9.69,1629.9,12.79,91.83,18.84,0
2024-01-09T07:00:00Z,EXT-SENVION-01,6.3,432.4,8.19,72.1,19.12,0
2024-01-09T07:10:00Z,EXT-SENVION-01,5.17,235.0,6.26,68.45,17.39,0
2024-01-09T07:20:00Z,EXT-SENVION-01,11.47,2050.0,14.69,94.83,16.08,0
2024-01-09T07:30:00Z,EXT-SENVION-01,11.73,2050.0,15.79,93.07,17.71,0
2024-01-09T07:40:00Z,EXT-SENVION-01,11.26,2050.0,14.84,95.88,18.2,0
2024-01-09T07:50:00Z,EXT-SENVION-01,8.19,954.9,10.99,79.15,16.44,0
2024-01-09T08:00:00Z,EXT-SENVION-01,5.99,383.0,7.57,68.34,16.93,0
2024-01-09T08:10:00Z,EXT-SENVION-01,4.77,202.9,6.09,67.75,17.97,0
2024-01-09T08:20:00Z,EXT-SENVION-01,11.88,2050.0,15.24,95.83,18.43,0
2024-01-09T08:30:00Z,EXT-SENVION-01,5.81,368.2,7.47,70.05,16.77,0
2024-01-09T08:40:00Z,EXT-SENVION-01,4.65,168.5,6.4,66.34,14.65,0
2024-01-09T08:50:00Z,EXT-SENVION-01,12.38,2013.4,15.86,93.85,17.02,0
2024-01-09T09:00:00Z,EXT-SENVION-01,7.34,700.4,9.79,77.19,15.5,0
2024-01-09T09:10:00Z,EXT-SENVION-01,4.62,155.8,6.25,66.73,15.25,0
2024-01-09T09:20:00Z,EXT-SENVION-01,6.93,604.5,8.63,74.12,14.08,0
2024-01-09T09:30:00Z,EXT-SENVION-01,2.92,0.0,0.0,66.59,15.31,0
2024-01-09T09:40:00Z,EXT-SENVION-01,7.7,824.5,10.36,73.57,15.65,0
2024-01-09T09:50:00Z,EXT-SENVION-01,6.47,504.2,8.79,72.18,15.58,0
2024-01-09T10:00:00Z,EXT-SENVION-01,4.83,188.0,6.11,65.83,14.93,0
2024-01-09T10:10:00Z,EXT-SENVION-01,5.37,258.3,7.05,67.96,15.92,0
2024-01-09T10:20:00Z,EXT-SENVION-01,11.56,2050.0,14.79,94.37,13.84,0
2024-01-09T10:30:00Z,EXT-SENVION-01,4.41,148.6,5.89,68.79,15.26,0
2024-01-09T10:40:00Z,EXT-SENVION-01,5.02,231.5,6.8,66.26,15.1,0
2024-01-09T10:50:00Z,EXT-SENVION-01,10.69,2050.0,14.11,96.7,12.78,0
2024-01-09T11:00:00Z,EXT-SENVION-01,4.67,123.0,5.98,68.54,13.39,0
2024-01-09T11:10:00Z,EXT-SENVION-01,7.99,912.2,10.4,76.03,12.15,0
2024-01-09T11:20:00Z,EXT-SENVION-01,9.78,1668.9,12.67,87.33,12.01,0
2024-01-09T11:30:00Z,EXT-SENVION-01,6.45,487.3,8.18,67.55,11.95,0
2024-01-09T11:40:00Z,EXT-SENVION-01,9.38,1499.4,12.25,89.41,13.47,0
2024-01-09T11:50:00Z,EXT-SENVION-01,7.29,712.3,9.46,73.11,12.85,0
2024-01-09T12:00:00Z,EXT-SENVION-01,6.1,395.7,7.92,68.61,11.88,0
2024-01-09T12:10:00Z,EXT-SENVION-01,2.1,0.0,0.0,65.1,11.55,0
2024-01-09T12:20:00Z,EXT-SENVION-01,8.94,1289.7,11.56,81.87,11.53,0
2024-01-09T12:30:00Z,EXT-SENVION-01,13.91,2069.0,16.0,93.51,10.49,0
2024-01-09T12:40:00Z,EXT-SENVION-01,5.96,343.7,7.92,68.65,11.61,0
2024-01-09T12:50:00Z,EXT-SENVION-01,3.7,117.7,4.8,63.06,9.42,0
2024-01-09T13:00:00Z,EXT-SENVION-01,6.35,500.3,8.45,69.38,10.54,0
2024-01-09T13:10:00Z,EXT-SENVION-01,3.96,127.1,5.06,65.61,9.69,0
2024-01-09T13:20:00Z,EXT-SENVION-01,19.6,2029.2,16.0,91.96,10.14,0
2024-01-09T13:30:00Z,EXT-SENVION-01,5.76,336.8,7.55,66.88,10.14,0
2024-01-09T13:40:00Z,EXT-SENVION-01,4.42,162.6,5.64,64.46,7.6,0
2024-01-09T13:50:00Z,EXT-SENVION-01,4.76,178.0,6.21,65.5,7.6,0
2024-01-09T14:00:00Z,EXT-SENVION-01,5.88,368.6,7.54,67.56,8.77,0
2024-01-09T14:10:00Z,EXT-SENVION-01,3.45,59.6,4.52,61.77,7.33,0
2024-01-09T14:20:00Z,EXT-SENVION-01,7.81,823.5,10.1,74.21,5.99,0
2024-01-09T14:30:00Z,EXT-SENVION-01,5.02,218.1,6.42,65.4,9.08,0
2024-01-09T14:40:00Z,EXT-SENVION-01,6.71,520.1,8.87,69.43,8.89,0
2024-01-09T14:50:00Z,EXT-SENVION-01,4.15,113.8,5.27,62.04,8.27,0
2024-01-09T15:00:00Z,EXT-SENVION-01,3.15,91.3,3.87,63.37,8.24,0
2024-01-09T15:10:00Z,EXT-SENVION-01,3.15,44.7,4.49,63.13,8.02,0
2024-01-09T15:20:00Z,EXT-SENVION-01,7.88,893.2,10.23,75.67,6.6,0
2024-01-09T15:30:00Z,EXT-SENVION-01,8.73,1183.8,11.34,79.96,6.75,0
2024-01-09T15:40:00Z,EXT-SENVION-01,3.03,60.0,3.8,61.84,6.61,0
2024-01-09T15:50:00Z,EXT-SENVION-01,12.13,2049.3,15.77,95.11,7.35,0
2024-01-09T16:00:00Z,EXT-SENVION-01,0.5,0.0,0.0,61.01,6.76,0
2024-01-09T16:10:00Z,EXT-SENVION-01,9.78,1675.3,13.2,90.57,7.39,0
2024-01-09T16:20:00Z,EXT-SENVION-01,7.4,724.0,9.45,74.13,5.87,0
2024-01-09T16:30:00Z,EXT-SENVION-01,8.34,1050.7,10.7,76.08,6.65,0
2024-01-09T16:40:00Z,EXT-SENVION-01,8.8,1205.1,11.5,81.54,5.23,0
2024-01-09T16:50:00Z,EXT-SENVION-01,3.7,109.6,5.03,65.62,5.9,0
2024-01-09T17:00:00Z,EXT-SENVION-01,2.16,0.0,0.0,61.32,5.25,0
2024-01-09T17:10:00Z,EXT-SENVION-01,11.31,2050.0,14.36,93.35,5.62,0
2024-01-09T17:20:00Z,EXT-SENVION-01,7.06,612.6,9.17,69.92,7.36,0
2024-01-09T17:30:00Z,EXT-SENVION-01,9.82,1683.0,12.63,89.87,8.08,0
2024-01-09T17:40:00Z,EXT-SENVION-01,11.84,2050.0,15.43,94.02,6.77,0
2024-01-09T17:50:00Z,EXT-SENVION-01,7.77,864.8,10.04,74.79,4.64,0
2024-01-09T18:00:00Z,EXT-SENVION-01,6.28,443.6,8.36,70.84,5.3,0
2024-01-09T18:10:00Z,EXT-SENVION-01,6.32,458.1,8.28,71.9,7.26,0
2024-01-09T18:20:00Z,EXT-SENVION-01,16.21,2035.4,16.0,93.76,5.24,0
2024-01-09T18:30:00Z,EXT-SENVION-01,8.35,1004.3,11.17,79.01,6.39,0
2024-01-09T18:40:00Z,EXT-SENVION-01,4.0,140.5,5.36,66.12,5.39,0
2024-01-09T18:50:00Z,EXT-SENVION-01,12.01,2070.6,15.26,92.0,6.35,0
2024-01-09T19:00:00Z,EXT-SENVION-01,2.06,0.0,0.0,63.42,5.64,0
2024-01-09T19:10:00Z,EXT-SENVION-01,10.64,2050.0,14.01,95.58,8.43,0
2024-01-09T19:20:00Z,EXT-SENVION-01,5.96,363.1,7.55,70.02,6.22,0
2024-01-09T19:30:00Z,EXT-SENVION-01,5.3,297.7,6.84,68.03,5.92,0
2024-01-09T19:40:00Z,EXT-SENVION-01,9.26,1411.9,12.2,84.21,5.18,0
2024-01-09T19:50:00Z,EXT-SENVION-01,5.14,264.6,6.93,65.45,5.32,0
2024-01-09T20:00:00Z,EXT-SENVION-01,9.06,1360.0,11.64,84.89,6.83,0
2024-01-09T20:10:00Z,EXT-SENVION-01,7.55,750.8,9.56,74.83,7.42,0
2024-01-09T20:20:00Z,EXT-SENVION-01,16.07,2027.7,16.0,92.94,6.31,0
2024-01-09T20:30:00Z,EXT-SENVION-01,5.44,292.5,7.27,68.72,7.48,0
2024-01-09T20:40:00Z,EXT-SENVION-01,2.16,0.0,0.0,64.36,6.41,0
2024-01-09T20:50:00Z,EXT-SENVION-01,12.26,2029.0,15.86,94.05,8.28,0
2024-01-09T21:00:00Z,EXT-SENVION-01,21.05,2064.2,16.0,94.22,8.62,0
2024-01-09T21:10:00Z,EXT-SENVION-01,8.63,1134.8,11.92,80.46,8.36,0
2024-01-09T21:20:00Z,EXT-SENVION-01,5.35,249.3,6.71,70.25,8.52,0
2024-01-09T21:30:00Z,EXT-SENVION-01,18.03,2031.9,16.0,94.95,8.44,0
2024-01-09T21:40:00Z,EXT-SENVION-01,5.52,319.5,7.5,70.78,8.52,0
2024-01-09T21:50:00Z,EXT-SENVION-01,7.29,664.6,9.37,76.5,7.71,0
2024-01-09T22:00:00Z,EXT-SENVION-01,2.68,0.0,0.0,65.4,9.38,0
2024-01-09T22:10:00Z,EXT-SENVION-01,1.19,0.0,0.0,66.62,8.55,0
2024-01-09T22:20:00Z,EXT-SENVION-01,1.87,0.0,0.0,68.28,10.97,0
2024-01-09T22:30:00Z,EXT-SENVION-01,10.33,1926.6,13.41,95.55,10.35,0
2024-01-09T22:40:00Z,EXT-SENVION-01,9.74,1627.6,12.4,89.77,11.53,0
2024-01-09T22:50:00Z,EXT-SENVION-01,10.88,2050.0,14.27,98.09,9.51,0
2024-01-09T23:00:00Z,EXT-SENVION-01,7.24,666.2,9.27,76.34,9.37,0
2024-01-09T23:10:00Z,EXT-SENVION-01,7.37,694.7,9.67,81.08,12.72,0
2024-01-09T23:20:00Z,EXT-SENVION-01,2.54,0.0,0.0,67.05,11.88,0
2024-01-09T23:30:00Z,EXT-SENVION-01,5.17,280.7,6.45,71.35,10.66,0
2024-01-09T23:40:00Z,EXT-SENVION-01,3.91,102.8,5.02,70.18,11.84,0
2024-01-09T23:50:00Z,EXT-SENVION-01,15.04,2050.0,16.0,99.1,12.14,0
2024-01-10T00:00:00Z,EXT-SENVION-01,9.63,1596.0,12.79,91.35,12.57,0
2024-01-10T00:10:00Z,EXT-SENVION-01,4.83,230.0,5.81,71.42,13.39,0
2024-01-10T00:20:00Z,EXT-SENVION-01,2.55,0.0,0.0,68.38,12.89,0
2024-01-10T00:30:00Z,EXT-SENVION-01,7.64,812.1,9.57,82.64,13.41,0
2024-01-10T00:40:00Z,EXT-SENVION-01,4.79,179.6,6.25,76.7,15.69,0
2024-01-10T00:50:00Z,EXT-SENVION-01,2.98,0.0,0.0,68.3,13.65,0
2024-01-10T01:00:00Z,EXT-SENVION-01,7.5,751.7,9.53,80.63,13.55,0
2024-01-10T01:10:00Z,EXT-SENVION-01,3.85,99.1,4.69,72.36,13.75,0
2024-01-10T01:20:00Z,EXT-SENVION-01,4.95,207.9,6.47,71.99,14.43,0
2024-01-10T01:30:00Z,EXT-SENVION-01,8.7,1164.7,11.27,88.11,15.7,0
2024-01-10T01:40:00Z,EXT-SENVION-01,2.08,0.0,0.0,70.66,15.44,0
2024-01-10T01:50:00Z,EXT-SENVION-01,4.09,107.3,5.45,70.72,15.28,0
2024-01-10T02:00:00Z,EXT-SENVION-01,5.61,316.8,7.3,76.34,17.5,0
2024-01-10T02:10:00Z,EXT-SENVION-01,7.57,745.7,10.01,80.44,14.16,0
2024-01-10T02:20:00Z,EXT-SENVION-01,13.04,2043.1,16.0,100.2,14.96,0
2024-01-10T02:30:00Z,EXT-SENVION-01,6.68,522.9,8.65,74.74,15.54,0
2024-01-10T02:40:00Z,EXT-SENVION-01,7.0,636.0,8.72,79.29,16.46,0
2024-01-10T02:50:00Z,EXT-SENVION-01,7.68,800.9,10.25,81.24,15.88,0
2024-01-10T03:00:00Z,EXT-SENVION-01,4.0,153.2,5.09,73.24,17.53,0
2024-01-10T03:10:00Z,EXT-SENVION-01,9.82,1678.5,12.97,94.31,16.48,0
2024-01-10T03:20:00Z,EXT-SENVION-01,5.58,317.2,7.29,77.25,16.86,0
2024-01-10T03:30:00Z,EXT-SENVION-01,8.26,984.8,10.84,86.15,15.86,0
2024-01-10T03:40:00Z,EXT-SENVION-01,14.55,2035.4,16.0,101.47,16.03,0
2024-01-10T03:50:00Z,EXT-SENVION-01,15.52,2038.2,16.0,103.72,17.14,0
2024-01-10T04:00:00Z,EXT-SENVION-01,8.69,1192.8,11.39,88.86,18.28,0
2024-01-10T04:10:00Z,EXT-SENVION-01,3.61,123.8,4.98,73.28,16.01,0
2024-01-10T04:20:00Z,EXT-SENVION-01,11.65,2050.0,15.64,102.89,17.73,0
2024-01-10T04:30:00Z,EXT-SENVION-01,11.31,2050.0,14.87,101.85,17.61,0
2024-01-10T04:40:00Z,EXT-SENVION-01,14.88,2058.1,16.0,102.75,18.15,0
2024-01-10T04:50:00Z,EXT-SENVION-01,8.62,1166.9,11.27,91.3,17.29,0
2024-01-10T05:00:00Z,EXT-SENVION-01,5.06,251.6,6.44,75.95,17.77,0
2024-01-10T05:10:00Z,EXT-SENVION-01,6.41,470.3,8.37,79.75,18.4,0
2024-01-10T05:20:00Z,EXT-SENVION-01,14.04,2048.4,16.0,99.12,18.17,0
2024-01-10T05:30:00Z,EXT-SENVION-01,6.67,527.8,8.8,78.72,17.76,0
2024-01-10T05:40:00Z,EXT-SENVION-01,5.46,283.9,6.87,77.07,19.17,0
2024-01-10T05:50:00Z,EXT-SENVION-01,5.74,330.6,7.42,76.06,17.29,0
2024-01-10T06:00:00Z,EXT-SENVION-01,11.26,2050.0,14.87,104.19,17.04,0
2024-01-10T06:10:00Z,EXT-SENVION-01,7.09,642.3,9.11,81.13,18.97,0
2024-01-10T06:20:00Z,EXT-SENVION-01,14.7,2048.3,16.0,103.84,18.73,0
2024-01-10T06:30:00Z,EXT-SENVION-01,2.64,0.0,0.0,76.35,19.4,0
2024-01-10T06:40:00Z,EXT-SENVION-01,6.34,445.5,8.05,77.76,16.23,0
2024-01-10T06:50:00Z,EXT-SENVION-01,10.1,1812.2,13.31,99.14,18.26,0
2024-01-10T07:00:00Z,EXT-SENVION-01,6.07,378.5,8.15,79.7,18.64,0
2024-01-10T07:10:00Z,EXT-SENVION-01,3.36,45.5,4.69,72.06,18.08,0
2024-01-10T07:20:00Z,EXT-SENVION-01,3.77,95.6,4.6,75.71,17.33,0
2024-01-10T07:30:00Z,EXT-SENVION-01,2.77,0.0,0.0,74.28,18.29,0
2024-01-10T07:40:00Z,EXT-SENVION-01,5.36,278.2,6.88,78.72,16.99,0
2024-01-10T07:50:00Z,EXT-SENVION-01,3.76,127.8,4.59,74.72,16.62,0
2024-01-10T08:00:00Z,EXT-SENVION-01,6.72,544.8,8.85,79.01,15.07,0
2024-01-10T08:10:00Z,EXT-SENVION-01,5.73,344.7,7.55,77.12,16.23,0
2024-01-10T08:20:00Z,EXT-SENVION-01,1.66,0.0,0.0,73.64,17.08,0
2024-01-10T08:30:00Z,EXT-SENVION-01,6.21,407.4,7.79,78.97,15.71,0
2024-01-10T08:40:00Z,EXT-SENVION-01,7.28,689.2,9.61,83.13,15.02,0
2024-01-10T08:50:00Z,EXT-SENVION-01,7.44,735.1,9.97,84.99,15.17,0
2024-01-10T09:00:00Z,EXT-SENVION-01,4.7,209.4,6.13,76.2,15.99,0
2024-01-10T09:10:00Z,EXT-SENVION-01,6.25,468.5,7.93,80.12,15.16,0
2024-01-10T09:20:00Z,EXT-SENVION-01,8.3,981.3,10.86,88.21,16.3,0
2024-01-10T09:30:00Z,EXT-SENVION-01,4.42,167.4,5.87,74.64,14.55,0
2024-01-10T09:40:00Z,EXT-SENVION-01,4.8,226.4,6.23,72.91,14.84,0
2024-01-10T09:50:00Z,EXT-SENVION-01,12.81,2049.1,16.0,102.1,13.9,0
2024-01-10T10:00:00Z,EXT-SENVION-01,9.0,1277.5,12.37,91.91,12.64,0
2024-01-10T10:10:00Z,EXT-SENVION-01,13.38,2060.5,16.0,100.18,13.76,0
2024-01-10T10:20:00Z,EXT-SENVION-01,4.2,122.0,5.48,75.56,15.34,0
2024-01-10T10:30:00Z,EXT-SENVION-01,8.37,1051.4,10.67,87.16,12.39,0
2024-01-10T10:40:00Z,EXT-SENVION-01,4.2,122.5,5.32,73.22,12.83,0
2024-01-10T10:50:00Z,EXT-SENVION-01,9.3,1452.2,11.92,93.84,13.22,0
2024-01-10T11:00:00Z,EXT-SENVION-01,10.7,2050.0,13.94,102.08,13.45,0
2024-01-10T11:10:00Z,EXT-SENVION-01,5.44,286.0,6.97,75.86,12.06,0
2024-01-10T11:20:00Z,EXT-SENVION-01,15.05,2092.4,16.0,102.3,14.37,0
2024-01-10T11:30:00Z,EXT-SENVION-01,8.91,1294.5,11.77,90.77,12.68,0
2024-01-10T11:40:00Z,EXT-SENVION-01,3.58,24.0,4.8,71.51,12.65,0
2024-01-10T11:50:00Z,EXT-SENVION-01,5.19,228.4,6.69,75.16,12.76,0
2024-01-10T12:00:00Z,EXT-SENVION-01,7.32,703.0,9.29,80.16,10.95,0
2024-01-10T12:10:00Z,EXT-SENVION-01,3.54,60.8,4.82,72.97,10.09,0
2024-01-10T12:20:00Z,EXT-SENVION-01,4.18,118.4,5.48,73.4,11.39,0
2024-01-10T12:30:00Z,EXT-SENVION-01,5.28,268.1,6.83,73.55,10.4,0
2024-01-10T12:40:00Z,EXT-SENVION-01,5.43,277.7,6.99,76.93,11.89,0
2024-01-10T12:50:00Z,EXT-SENVION-01,11.81,2050.0,14.98,104.6,12.24,0
2024-01-10T13:00:00Z,EXT-SENVION-01,1.48,0.0,0.0,72.27,10.75,0
2024-01-10T13:10:00Z,EXT-SENVION-01,7.21,659.4,9.84,82.13,9.84,0
2024-01-10T13:20:00Z,EXT-SENVION-01,7.26,639.4,9.3,82.74,11.84,0
2024-01-10T13:30:00Z,EXT-SENVION-01,4.28,166.9,5.67,72.49,9.02,0
2024-01-10T13:40:00Z,EXT-SENVION-01,8.92,1274.2,11.49,93.75,8.77,0
2024-01-10T13:50:00Z,EXT-SENVION-01,7.34,686.2,9.57,81.53,9.06,0
2024-01-10T14:00:00Z,EXT-SENVION-01,9.95,1751.7,13.32,98.17,8.31,0
2024-01-10T14:10:00Z,EXT-SENVION-01,4.94,230.0,6.01,73.0,7.75,0
2024-01-10T14:20:00Z,EXT-SENVION-01,9.15,1354.4,12.04,90.55,7.71,0
2024-01-10T14:30:00Z,EXT-SENVION-01,5.5,309.6,7.61,77.17,8.46,0
2024-01-10T14:40:00Z,EXT-SENVION-01,8.65,1159.7,11.25,89.77,8.92,0
2024-01-10T14:50:00Z,EXT-SENVION-01,3.93,59.0,5.32,70.83,7.85,0
2024-01-10T15:00:00Z,EXT-SENVION-01,7.55,788.2,9.84,82.29,6.63,0
2024-01-10T15:10:00Z,EXT-SENVION-01,3.94,139.1,5.16,72.18,7.28,0
2024-01-10T15:20:00Z,EXT-SENVION-01,10.66,2050.0,14.22,101.38,6.71,0
2024-01-10T15:30:00Z,EXT-SENVION-01,4.43,154.6,5.62,73.45,7.56,0
2024-01-10T15:40:00Z,EXT-SENVION-01,11.11,2050.0,14.52,101.43,7.2,0
2024-01-10T15:50:00Z,EXT-SENVION-01,7.04,626.6,9.36,78.73,6.43,0
2024-01-10T16:00:00Z,EXT-SENVION-01,9.06,1345.6,11.89,88.86,5.85,0
2024-01-10T16:10:00Z,EXT-SENVION-01,13.18,2073.7,16.0,103.25,6.23,0
2024-01-10T16:20:00Z,EXT-SENVION-01,6.26,441.8,8.26,77.94,5.49,0
2024-01-10T16:30:00Z,EXT-SENVION-01,8.44,1041.0,10.73,87.76,7.18,0
2024-01-10T16:40:00Z,EXT-SENVION-01,13.96,2050.7,16.0,99.7,5.57,0
2024-01-10T16:50:00Z,EXT-SENVION-01,10.41,2018.2,13.47,101.05,7.27,0
2024-01-10T17:00:00Z,EXT-SENVION-01,8.28,988.1,10.69,86.9,7.34,0
2024-01-10T17:10:00Z,EXT-SENVION-01,4.85,226.7,6.08,70.94,5.61,0
2024-01-10T17:20:00Z,EXT-SENVION-01,7.05,657.7,9.5,79.27,5.98,0
2024-01-10T17:30:00Z,EXT-SENVION-01,9.71,1619.9,12.6,93.48,5.59,0
2024-01-10T17:40:00Z,EXT-SENVION-01,5.59,299.0,7.5,75.77,4.74,0
2024-01-10T17:50:00Z,EXT-SENVION-01,7.81,888.1,10.01,84.16,5.79,0
2024-01-10T18:00:00Z,EXT-SENVION-01,18.7,2056.1,16.0,103.27,6.09,0
2024-01-10T18:10:00Z,EXT-SENVION-01,16.78,2028.1,16.0,104.57,6.25,0
2024-01-10T18:20:00Z,EXT-SENVION-01,6.76,544.1,8.47,77.88,6.74,0
2024-01-10T18:30:00Z,EXT-SENVION-01,5.27,279.6,7.03,76.16,6.53,0
2024-01-10T18:40:00Z,EXT-SENVION-01,5.64,378.9,7.49,79.23,6.59,0
2024-01-10T18:50:00Z,EXT-SENVION-01,9.87,1738.8,13.05,97.93,5.52,0
2024-01-10T19:00:00Z,EXT-SENVION-01,3.83,105.3,4.82,72.78,7.47,0
2024-01-10T19:10:00Z,EXT-SENVION-01,4.86,219.6,5.91,74.58,3.25,0
2024-01-10T19:20:00Z,EXT-SENVION-01,2.44,0.0,0.0,68.85,6.53,0
2024-01-10T19:30:00Z,EXT-SENVION-01,5.79,343.5,7.63,75.55,6.25,0
2024-01-10T19:40:00Z,EXT-SENVION-01,10.54,2050.0,13.64,103.77,5.5,0
2024-01-10T19:50:00Z,EXT-SENVION-01,4.87,207.5,6.33,75.69,7.66,0
2024-01-10T20:00:00Z,EXT-SENVION-01,3.62,82.4,4.85,73.15,7.43,0
2024-01-10T20:10:00Z,EXT-SENVION-01,8.37,1058.0,11.09,88.23,6.78,0
2024-01-10T20:20:00Z,EXT-SENVION-01,1.83,0.0,0.0,69.76,6.89,0
2024-01-10T20:30:00Z,EXT-SENVION-01,9.88,1745.1,12.81,97.53,8.02,0
2024-01-10T20:40:00Z,EXT-SENVION-01,15.68,2058.2,16.0,102.25,6.71,0
2024-01-10T20:50:00Z,EXT-SENVION-01,8.13,1030.2,10.62,90.86,8.68,0
2024-01-10T21:00:00Z,EXT-SENVION-01,13.23,2042.2,16.0,101.81,9.3,0
2024-01-10T21:10:00Z,EXT-SENVION-01,9.92,1709.6,12.83,97.29,8.59,0
2024-01-10T21:20:00Z,EXT-SENVION-01,7.0,615.5,8.91,83.17,9.06,0
2024-01-10T21:30:00Z,EXT-SENVION-01,7.53,789.7,10.01,84.06,7.74,0
2024-01-10T21:40:00Z,EXT-SENVION-01,4.66,186.0,5.78,74.58,8.45,0
2024-01-10T21:50:00Z,EXT-SENVION-01,1.92,0.0,0.0,74.52,7.82,0
2024-01-10T22:00:00Z,EXT-SENVION-01,5.47,290.5,7.12,78.63,7.22,0
2024-01-10T22:10:00Z,EXT-SENVION-01,5.74,349.3,7.75,78.35,9.79,0
2024-01-10T22:20:00Z,EXT-SENVION-01,7.23,697.0,9.5,84.68,10.27,0
2024-01-10T22:30:00Z,EXT-SENVION-01,8.3,1005.2,10.87,88.52,10.12,0
2024-01-10T22:40:00Z,EXT-SENVION-01,11.57,2050.0,15.02,104.99,11.32,0
2024-01-10T22:50:00Z,EXT-SENVION-01,12.85,2047.5,16.0,106.81,10.74,0
2024-01-10T23:00:00Z,EXT-SENVION-01,1.28,0.0,0.0,76.03,11.67,0
2024-01-10T23:10:00Z,EXT-SENVION-01,16.09,2053.2,16.0,105.79,10.33,0
2024-01-10T23:20:00Z,EXT-SENVION-01,6.34,450.5,8.18,84.81,11.55,0
2024-01-10T23:30:00Z,EXT-SENVION-01,6.61,551.6,8.51,83.27,12.52,0
2024-01-10T23:40:00Z,EXT-SENVION-01,9.95,1778.2,13.19,104.07,11.69,0
2024-01-10T23:50:00Z,EXT-SENVION-01,6.51,492.3,8.19,83.95,12.44,0
